time,χ,ϕ,p,e
5221.759107477467,3.1415927,0.0,12.3472805,0.0001926
5223.322173276,3.1776066,0.03823985,12.346233,0.00019261824
5224.885239074534,3.213625,0.07648459,12.345182,0.00019263623
5226.448304873067,3.2496479,0.11473426,12.344129,0.00019265396
5228.0113706716,3.2856755,0.15298888,12.343072,0.00019267142
5229.574436470134,3.321708,0.1912485,12.342011,0.0001926886
5231.137502268667,3.357745,0.22951317,12.340947,0.00019270553
5232.7005680672,3.393787,0.2677829,12.339879,0.00019272219
5234.263633865734,3.4298337,0.30605775,12.338808,0.00019273859
5235.826699664267,3.4658852,0.34433773,12.337734,0.00019275471
5237.3897654628,3.5019417,0.3826229,12.336657,0.00019277057
5238.952831261334,3.538003,0.42091325,12.335575,0.00019278616
5240.515897059867,3.5740693,0.45920888,12.33449,0.00019280147
5242.0789628584,3.6101403,0.49750978,12.333402,0.00019281651
5243.642028656934,3.6462166,0.535816,12.33231,0.00019283128
5245.205094455467,3.682298,0.57412755,12.331215,0.0001928458
5246.768160254,3.7183845,0.6124445,12.330115,0.00019286001
5248.331226052534,3.7544758,0.6507669,12.329013,0.00019287397
5249.894291851067,3.7905726,0.6890947,12.327908,0.00019288764
5251.4573576495995,3.8266745,0.7274281,12.3267975,0.00019290103
5253.020423448133,3.8627813,0.7657669,12.325685,0.00019291416
5254.583489246666,3.8988936,0.8041113,12.324568,0.00019292701
5256.146555045199,3.935011,0.8424613,12.323447,0.00019293957
5257.709620843733,3.9711337,0.8808169,12.322324,0.00019295185
5259.272686642266,4.0072618,0.9191781,12.321197,0.00019296385
5260.8357524408,4.0433955,0.9575451,12.320065,0.00019297558
5262.398818239333,4.079534,0.99591774,12.318931,0.00019298702
5263.961884037866,4.1156783,1.0342962,12.317792,0.00019299818
5265.5249498364,4.151828,1.0726802,12.316649,0.00019300907
5267.088015634933,4.187983,1.1110703,12.315504,0.00019301966
5268.651081433466,4.2241435,1.149466,12.314354,0.00019302996
5270.214147232,4.2603097,1.1878678,12.313201,0.00019303999
5271.777213030533,4.2964816,1.2262752,12.312044,0.00019304972
5273.340278829066,4.332659,1.2646887,12.3108835,0.00019305917
5274.9033446276,4.3688416,1.3031081,12.309719,0.00019306832
5276.466410426133,4.4050303,1.3415334,12.308551,0.0001930772
5278.029476224666,4.441224,1.3799648,12.30738,0.00019308578
5279.5925420232,4.477424,1.4184022,12.306204,0.00019309406
5281.155607821733,4.5136294,1.4568455,12.305025,0.00019310207
5282.718673620266,4.5498405,1.495295,12.303842,0.00019310978
5284.2817394188,4.5860577,1.5337505,12.302654,0.00019311719
5285.844805217333,4.62228,1.5722122,12.301464,0.00019312432
5287.407871015866,4.658509,1.61068,12.300269,0.00019313114
5288.9709368143995,4.6947427,1.649154,12.299071,0.00019313766
5290.534002612932,4.730983,1.6876341,12.297869,0.0001931439
5292.097068411465,4.7672286,1.7261204,12.296662,0.00019314983
5293.660134209999,4.8034806,1.7646129,12.295452,0.00019315547
5295.223200008532,4.839738,1.8031117,12.294238,0.0001931608
5296.786265807065,4.8760014,1.8416166,12.29302,0.00019316585
5298.349331605599,4.9122705,1.8801279,12.291799,0.00019317058
5299.912397404132,4.948546,1.9186454,12.290573,0.00019317502
5301.475463202665,4.984827,1.9571692,12.289343,0.00019317915
5303.038529001199,5.0211143,1.9956994,12.28811,0.00019318298
5304.601594799732,5.0574074,2.0342357,12.286872,0.0001931865
5306.164660598265,5.0937066,2.0727787,12.285631,0.00019318971
5307.727726396799,5.1300116,2.111328,12.284386,0.00019319264
5309.290792195332,5.1663227,2.1498833,12.283135,0.00019319524
5310.853857993865,5.20264,2.1884453,12.281882,0.00019319754
5312.416923792399,5.238963,2.2270136,12.280625,0.00019319954
5313.979989590932,5.2752924,2.2655883,12.279364,0.00019320122
5315.543055389465,5.3116274,2.3041694,12.278098,0.00019320259
5317.106121187999,5.3479686,2.342757,12.276828,0.00019320365
5318.669186986532,5.384316,2.381351,12.275555,0.0001932044
5320.232252785065,5.420669,2.4199514,12.274277,0.00019320483
5321.795318583599,5.457029,2.4585583,12.272995,0.00019320496
5323.358384382132,5.4933944,2.4971716,12.2717085,0.00019320477
5324.921450180665,5.5297656,2.5357914,12.270419,0.00019320427
5326.4845159791985,5.5661435,2.5744176,12.269125,0.00019320344
5328.0475817777315,5.602527,2.6130502,12.267826,0.0001932023
5329.6106475762645,5.638917,2.6516895,12.266523,0.00019320085
5331.173713374798,5.675313,2.6903353,12.265217,0.00019319906
5332.736779173331,5.7117147,2.7289875,12.2639065,0.00019319696
5334.299844971865,5.748123,2.767646,12.262591,0.00019319454
5335.862910770398,5.784538,2.8063114,12.261271,0.00019319181
5337.425976568931,5.820958,2.844983,12.259949,0.00019318875
5338.989042367465,5.8573847,2.8836613,12.25862,0.00019318536
5340.552108165998,5.8938174,2.922346,12.257289,0.00019318165
5342.115173964531,5.9302564,2.9610372,12.255952,0.00019317762
5343.678239763065,5.9667015,2.999735,12.254612,0.00019317325
5345.241305561598,6.003153,3.0384393,12.253266,0.00019316857
5346.804371360131,6.03961,3.07715,12.251918,0.00019316355
5348.367437158665,6.0760736,3.1158676,12.250564,0.00019315821
5349.930502957198,6.112543,3.1545916,12.249206,0.00019315253
5351.493568755731,6.149019,3.193322,12.247844,0.00019314652
5353.056634554265,6.185501,3.232059,12.246477,0.0001931402
5354.619700352798,6.221989,3.2708025,12.245107,0.00019313353
5356.182766151331,6.2584834,3.3095527,12.2437315,0.00019312653
5357.745831949865,6.294984,3.3483093,12.242352,0.0001931192
5359.308897748398,6.3314905,3.3870726,12.240967,0.00019311153
5360.871963546931,6.3680034,3.4258423,12.239578,0.00019310352
5362.4350293454645,6.4045224,3.4646187,12.238186,0.00019309517
5363.9980951439975,6.4410477,3.5034018,12.236788,0.0001930865
5365.5611609425305,6.477579,3.5421913,12.235386,0.00019307747
5367.124226741064,6.514117,3.5809872,12.23398,0.0001930681
5368.687292539597,6.5506606,3.6197898,12.232569,0.00019305841
5370.25035833813,6.58721,3.6585991,12.2311535,0.00019304836
5371.813424136664,6.6237664,3.6974149,12.229733,0.00019303798
5373.376489935197,6.660329,3.7362373,12.22831,0.00019302726
5374.93955573373,6.6968975,3.7750661,12.22688,0.00019301618
5376.502621532264,6.7334723,3.813902,12.225447,0.00019300476
5378.065687330797,6.7700534,3.8527439,12.224009,0.00019299299
5379.62875312933,6.8066406,3.8915927,12.222566,0.00019298088
5381.191818927864,6.8432345,3.930448,12.221118,0.00019296842
5382.754884726397,6.879834,3.9693103,12.2196665,0.0001929556
5384.31795052493,6.91644,4.0081787,12.218209,0.00019294245
5385.881016323464,6.953052,4.0470543,12.216748,0.00019292894
5387.444082121997,6.9896708,4.085936,12.215282,0.00019291507
5389.00714792053,7.026295,4.1248245,12.213812,0.00019290086
5390.570213719064,7.0629263,4.16372,12.212337,0.00019288629
5392.133279517597,7.0995636,4.202622,12.210856,0.00019287136
5393.69634531613,7.136207,4.2415304,12.209372,0.00019285608
5395.259411114664,7.172857,4.280446,12.207882,0.00019284045
5396.822476913197,7.209513,4.319368,12.2063875,0.00019282446
5398.38554271173,7.246176,4.3582964,12.204889,0.0001928081
5399.9486085102635,7.2828445,4.397232,12.203385,0.00019279138
5401.5116743087965,7.3195195,4.4361744,12.201877,0.00019277431
5403.0747401073295,7.356201,4.4751234,12.200363,0.00019275688
5404.637805905863,7.392889,4.514079,12.198845,0.00019273908
5406.200871704396,7.4295835,4.5530415,12.197322,0.00019272092
5407.76393750293,7.4662843,4.592011,12.195794,0.00019270238
5409.327003301463,7.5029917,4.630987,12.194262,0.0001926835
5410.890069099996,7.5397053,4.66997,12.192724,0.00019266424
5412.45313489853,7.576425,4.70896,12.191181,0.00019264461
5414.016200697063,7.613152,4.7479568,12.189634,0.00019262462
5415.579266495596,7.6498847,4.7869606,12.188082,0.00019260426
5417.14233229413,7.6866245,4.825971,12.186524,0.00019258352
5418.705398092663,7.7233706,4.864989,12.184962,0.00019256241
5420.268463891196,7.7601233,4.904013,12.183394,0.00019254093
5421.83152968973,7.7968826,4.9430447,12.181823,0.00019251909
5423.394595488263,7.8336487,4.9820833,12.180245,0.00019249685
5424.957661286796,7.870421,5.0211287,12.178663,0.00019247425
5426.52072708533,7.9072003,5.060181,12.177075,0.00019245128
5428.083792883863,7.943986,5.099241,12.175484,0.00019242792
5429.646858682396,7.9807787,5.1383076,12.173886,0.00019240419
5431.20992448093,8.017578,5.1773815,12.172284,0.00019238007
5432.772990279463,8.054384,5.216463,12.170676,0.00019235558
5434.336056077996,8.091197,5.2555513,12.169064,0.00019233071
5435.8991218765295,8.128016,5.2946467,12.167446,0.00019230545
5437.4621876750625,8.164844,5.33375,12.165823,0.00019227981
5439.0252534735955,8.201676,5.37286,12.164195,0.00019225379
5440.588319272129,8.238517,5.411978,12.162561,0.00019222738
5442.151385070662,8.275364,5.4511027,12.160923,0.00019220058
5443.714450869195,8.312219,5.490235,12.15928,0.0001921734
5445.277516667729,8.34908,5.5293746,12.157631,0.00019214582
5446.840582466262,8.385948,5.568522,12.155977,0.00019211786
5448.403648264795,8.422824,5.607677,12.154318,0.00019208952
5449.966714063329,8.459706,5.646839,12.152653,0.00019206076
5451.529779861862,8.496596,5.6860094,12.150983,0.00019203163
5453.092845660395,8.533493,5.725187,12.149308,0.0001920021
5454.655911458929,8.570397,5.7643723,12.147628,0.00019197217
5456.218977257462,8.607309,5.803565,12.145942,0.00019194186
5457.782043055995,8.644228,5.8427663,12.144251,0.00019191114
5459.345108854529,8.681154,5.8819747,12.142554,0.00019188003
5460.908174653062,8.718087,5.921191,12.140852,0.0001918485
5462.471240451595,8.755029,5.9604154,12.139145,0.0001918166
5464.034306250129,8.791977,5.999648,12.137432,0.00019178429
5465.597372048662,8.828933,6.038888,12.135714,0.00019175158
5467.160437847195,8.865896,6.0781364,12.13399,0.00019171846
5468.723503645729,8.902867,6.117393,12.132261,0.00019168493
5470.286569444262,8.939846,6.1566577,12.130527,0.00019165101
5471.849635242795,8.976832,6.1959305,12.128786,0.00019161668
5473.412701041329,9.013827,6.2352114,12.127041,0.00019158193
5474.9757668398615,9.050829,6.2745004,12.12529,0.00019154679
5476.5388326383945,9.087839,6.313798,12.123532,0.00019151122
5478.101898436928,9.124857,6.353104,12.121771,0.00019147526
5479.664964235461,9.161882,6.3924184,12.120003,0.00019143888
5481.228030033994,9.198916,6.431741,12.118229,0.00019140208
5482.791095832528,9.235958,6.4710727,12.11645,0.00019136489
5484.354161631061,9.273008,6.5104127,12.114665,0.00019132727
5485.917227429595,9.310066,6.5497613,12.112875,0.00019128923
5487.480293228128,9.347132,6.5891185,12.111079,0.00019125077
5489.043359026661,9.384207,6.6284842,12.109278,0.0001912119
5490.606424825195,9.4212885,6.667859,12.10747,0.00019117261
5492.169490623728,9.45838,6.707243,12.105657,0.00019113292
5493.732556422261,9.49548,6.7466354,12.103838,0.00019109278
5495.295622220795,9.532587,6.7860365,12.102014,0.00019105224
5496.858688019328,9.569703,6.825447,12.1001835,0.00019101126
5498.421753817861,9.606828,6.8648667,12.098347,0.00019096986
5499.984819616395,9.643961,6.904295,12.096505,0.00019092804
5501.547885414928,9.681103,6.9437327,12.094657,0.0001908858
5503.110951213461,9.718254,6.9831796,12.092804,0.00019084311
5504.674017011995,9.755413,7.022636,12.090944,0.00019080001
5506.237082810528,9.792581,7.0621014,12.089079,0.00019075647
5507.800148609061,9.829758,7.101576,12.087208,0.00019071251
5509.363214407595,9.866943,7.1410604,12.085331,0.00019066811
5510.926280206128,9.904139,7.180554,12.083448,0.0001906233
5512.489346004661,9.941341,7.220057,12.081559,0.00019057802
5514.052411803194,9.978554,7.2595696,12.079664,0.00019053233
5515.615477601727,10.015776,7.2990923,12.077764,0.0001904862
5517.17854340026,10.053006,7.338624,12.075856,0.00019043962
5518.741609198794,10.090246,7.3781657,12.073943,0.00019039262
5520.304674997327,10.127495,7.4177175,12.072024,0.00019034516
5521.86774079586,10.164754,7.4572787,12.0701,0.00019029727
5523.430806594394,10.202021,7.49685,12.068169,0.00019024895
5524.993872392927,10.239298,7.536431,12.066231,0.00019020018
5526.55693819146,10.276585,7.576022,12.064288,0.00019015097
5528.120003989994,10.31388,7.615623,12.062339,0.0001901013
5529.683069788527,10.351186,7.655234,12.060383,0.0001900512
5531.24613558706,10.3885,7.694855,12.058421,0.00019000065
5532.809201385594,10.425824,7.7344866,12.056454,0.00018994964
5534.372267184127,10.463159,7.774128,12.05448,0.0001898982
5535.93533298266,10.500502,7.81378,12.0525,0.0001898463
5537.498398781194,10.537854,7.8534417,12.050512,0.00018979394
5539.061464579727,10.575217,7.893114,12.04852,0.00018974114
5540.62453037826,10.61259,7.932797,12.046521,0.00018968788
5542.187596176794,10.649973,7.9724903,12.044516,0.00018963417
5543.750661975327,10.687365,8.012194,12.042504,0.00018958001
5545.31372777386,10.724767,8.051908,12.040486,0.00018952538
5546.876793572394,10.762179,8.091633,12.038462,0.0001894703
5548.439859370927,10.799602,8.131368,12.036431,0.00018941476
5550.00292516946,10.837034,8.171114,12.034394,0.00018935876
5551.5659909679935,10.874476,8.210871,12.032351,0.0001893023
5553.129056766526,10.911928,8.250638,12.030301,0.00018924537
5554.692122565059,10.94939,8.290416,12.028245,0.00018918798
5556.255188363593,10.986863,8.330204,12.026182,0.00018913012
5557.818254162126,11.024345,8.370004,12.024113,0.00018907181
5559.38131996066,11.061838,8.409814,12.022037,0.00018901302
5560.944385759193,11.099341,8.4496355,12.019955,0.00018895377
5562.507451557726,11.136855,8.489468,12.017866,0.00018889405
5564.07051735626,11.174379,8.529311,12.01577,0.00018883384
5565.633583154793,11.211913,8.569165,12.013668,0.00018877319
5567.196648953326,11.249457,8.609031,12.0115595,0.00018871205
5568.75971475186,11.287013,8.648907,12.009444,0.00018865043
5570.322780550393,11.324578,8.688794,12.007323,0.00018858834
5571.885846348926,11.362154,8.728693,12.005195,0.00018852578
5573.44891214746,11.39974,8.768602,12.003059,0.00018846274
5575.011977945993,11.437338,8.808523,12.000917,0.00018839922
5576.575043744526,11.474945,8.848455,11.998769,0.00018833524
5578.13810954306,11.512563,8.888399,11.996614,0.00018827076
5579.701175341593,11.550192,8.928353,11.994452,0.0001882058
5581.264241140126,11.587831,8.96832,11.992283,0.00018814036
5582.82730693866,11.625481,9.008297,11.990108,0.00018807442
5584.390372737193,11.663141,9.0482855,11.987926,0.00018800801
5585.953438535726,11.700813,9.088285,11.985736,0.00018794111
5587.5165043342595,11.738495,9.128297,11.983541,0.00018787374
5589.0795701327925,11.776188,9.16832,11.981338,0.00018780585
5590.6426359313255,11.813892,9.208354,11.979128,0.00018773749
5592.205701729859,11.851606,9.2484,11.976911,0.00018766864
5593.768767528392,11.889332,9.288457,11.974687,0.00018759929
5595.331833326925,11.927068,9.328526,11.972456,0.00018752945
5596.894899125459,11.964815,9.368606,11.970219,0.00018745911
5598.457964923992,12.002573,9.408697,11.967974,0.00018738829
5600.021030722525,12.040342,9.448801,11.965722,0.00018731695
5601.584096521059,12.078122,9.488916,11.963464,0.00018724514
5603.147162319592,12.115912,9.529042,11.961198,0.00018717282
5604.710228118125,12.153714,9.569181,11.958925,0.0001871
5606.273293916659,12.191527,9.609331,11.956645,0.00018702667
5607.836359715192,12.229351,9.649493,11.954358,0.00018695285
5609.399425513725,12.267186,9.689667,11.952064,0.00018687852
5610.962491312259,12.305032,9.729852,11.949762,0.00018680368
5612.525557110792,12.342889,9.770049,11.9474535,0.00018672834
5614.088622909325,12.380757,9.810258,11.945138,0.0001866525
5615.651688707859,12.418636,9.850478,11.942815,0.00018657614
5617.214754506392,12.456527,9.890711,11.940485,0.00018649927
5618.777820304925,12.494429,9.930955,11.938148,0.0001864219
5620.340886103459,12.532341,9.971211,11.935802,0.00018634401
5621.903951901992,12.570265,10.011479,11.933451,0.0001862656
5623.467017700525,12.6082,10.05176,11.931091,0.00018618669
5625.0300834990585,12.646147,10.0920515,11.928724,0.00018610727
5626.5931492975915,12.684105,10.132356,11.926351,0.00018602732
5628.1562150961245,12.722074,10.172671,11.923969,0.00018594686
5629.719280894658,12.760055,10.212999,11.92158,0.00018586588
5631.282346693191,12.798046,10.253339,11.919184,0.00018578437
5632.845412491725,12.836049,10.293692,11.9167795,0.00018570236
5634.408478290258,12.8740635,10.334055,11.914369,0.00018561982
5635.971544088791,12.912088,10.374432,11.91195,0.00018553674
5637.534609887325,12.950126,10.41482,11.909524,0.00018545316
5639.097675685858,12.988174,10.45522,11.90709,0.00018536905
5640.660741484391,13.026235,10.495633,11.904649,0.0001852844
5642.223807282925,13.064306,10.536057,11.9022,0.00018519923
5643.786873081458,13.102389,10.576495,11.899743,0.00018511353
5645.349938879991,13.140484,10.616944,11.897279,0.0001850273
5646.913004678525,13.17859,10.657406,11.894807,0.00018494054
5648.476070477058,13.216707,10.69788,11.892327,0.00018485324
5650.039136275591,13.254837,10.738366,11.889839,0.0001847654
5651.602202074125,13.292978,10.778864,11.887344,0.00018467705
5653.165267872658,13.331131,10.819375,11.884842,0.00018458813
5654.728333671191,13.369295,10.859899,11.882331,0.0001844987
5656.291399469725,13.407471,10.9004345,11.879813,0.00018440872
5657.854465268258,13.445659,10.940983,11.877287,0.00018431821
5659.417531066791,13.483858,10.981544,11.874753,0.00018422716
5660.9805968653245,13.52207,11.022117,11.872211,0.00018413556
5662.5436626638575,13.560293,11.062703,11.869661,0.00018404341
5664.1067284623905,13.598528,11.103301,11.867104,0.00018395073
5665.669794260924,13.636775,11.143912,11.864538,0.0001838575
5667.232860059457,13.6750345,11.184537,11.861964,0.00018376371
5668.79592585799,13.713305,11.225173,11.859384,0.00018366938
5670.358991656524,13.751589,11.265822,11.856793,0.0001835745
5671.922057455057,13.789884,11.306485,11.854197,0.00018347909
5673.48512325359,13.828191,11.347159,11.851591,0.0001833831
5675.048189052124,13.866509,11.387848,11.848977,0.00018328658
5676.611254850657,13.904841,11.428549,11.846355,0.00018318949
5678.17432064919,13.943185,11.469262,11.843725,0.00018309186
5679.737386447724,13.981541,11.509989,11.841087,0.00018299367
5681.300452246257,14.019909,11.550729,11.838442,0.00018289492
5682.86351804479,14.05829,11.591482,11.835788,0.0001827956
5684.426583843324,14.096683,11.632248,11.833125,0.00018269573
5685.989649641857,14.135088,11.673027,11.830454,0.0001825953
5687.55271544039,14.173506,11.7138195,11.827775,0.0001824943
5689.115781238924,14.211937,11.754625,11.825088,0.00018239275
5690.678847037457,14.25038,11.795445,11.822392,0.00018229063
5692.24191283599,14.288836,11.836278,11.819688,0.00018218794
5693.804978634524,14.327304,11.877124,11.816976,0.0001820847
5695.368044433057,14.365785,11.917984,11.814255,0.00018198087
5696.93111023159,14.404279,11.958857,11.811526,0.00018187649
5698.4941760301235,14.442785,11.999743,11.808788,0.00018177152
5700.0572418286565,14.481305,12.040645,11.806043,0.000181666
5701.6203076271895,14.519837,12.081559,11.803288,0.00018155988
5703.183373425723,14.558383,12.122487,11.800526,0.00018145322
5704.746439224256,14.596942,12.163429,11.797754,0.00018134595
5706.30950502279,14.635514,12.204385,11.794974,0.00018123812
5707.872570821323,14.674099,12.245355,11.792186,0.00018112973
5709.435636619856,14.712697,12.286339,11.789389,0.00018102073
5710.99870241839,14.751309,12.327337,11.786583,0.00018091117
5712.561768216923,14.789934,12.368349,11.78377,0.00018080103
5714.124834015456,14.828572,12.409376,11.780946,0.0001806903
5715.68789981399,14.867224,12.4504175,11.778114,0.000180579
5717.250965612523,14.9058895,12.491472,11.775274,0.0001804671
5718.814031411056,14.944569,12.532542,11.772426,0.00018035462
5720.37709720959,14.983261,12.5736265,11.7695675,0.00018024155
5721.940163008123,15.021968,12.614726,11.766701,0.0001801279
5723.503228806656,15.060688,12.65584,11.763825,0.00018001367
5725.06629460519,15.099422,12.696968,11.7609415,0.00017989882
5726.629360403723,15.138171,12.7381115,11.758048,0.00017978341
5728.192426202256,15.176933,12.77927,11.755146,0.00017966739
5729.75549200079,15.21571,12.820443,11.752235,0.00017955079
5731.318557799323,15.2545,12.861631,11.749316,0.00017943357
5732.881623597856,15.293305,12.902835,11.7463875,0.00017931577
5734.44468939639,15.332125,12.944054,11.743449,0.00017919738
5736.0077551949225,15.370958,12.985288,11.740502,0.00017907839
5737.5708209934555,15.409806,13.026537,11.737547,0.0001789588
5739.133886791989,15.4486685,13.067801,11.734582,0.0001788386
5740.696952590522,15.487546,13.109082,11.731608,0.0001787178
5742.260018389055,15.526438,13.150378,11.728625,0.00017859641
5743.823084187589,15.565344,13.1916895,11.725633,0.00017847441
5745.386149986122,15.604266,13.233017,11.722631,0.00017835181
5746.949215784655,15.643203,13.274361,11.719621,0.00017822858
5748.512281583189,15.682154,13.31572,11.7166,0.00017810478
5750.075347381722,15.721121,13.357095,11.713572,0.00017798034
5751.638413180255,15.760102,13.398486,11.710533,0.0001778553
5753.201478978789,15.799099,13.439894,11.707486,0.00017772966
5754.764544777322,15.838112,13.4813175,11.704429,0.00017760339
5756.327610575855,15.877139,13.522758,11.701363,0.00017747651
5757.890676374389,15.916182,13.564214,11.698287,0.00017734902
5759.453742172922,15.95524,13.605686,11.695202,0.00017722092
5761.016807971455,15.994314,13.647176,11.692107,0.00017709221
5762.579873769989,16.033405,13.688683,11.689004,0.00017696287
5764.142939568522,16.07251,13.730206,11.68589,0.00017683291
5765.706005367055,16.111631,13.771745,11.682768,0.00017670234
5767.269071165589,16.15077,13.813302,11.679635,0.00017657113
5768.832136964122,16.189922,13.854876,11.676493,0.00017643931
5770.395202762655,16.229094,13.896466,11.673342,0.00017630687
5771.958268561189,16.268278,13.938074,11.67018,0.0001761738
5773.521334359722,16.30748,13.979699,11.667009,0.0001760401
5775.0844001582545,16.346699,14.021342,11.663829,0.00017590579
5776.647465956788,16.385935,14.063002,11.660639,0.00017577085
5778.210531755321,16.425186,14.104679,11.657439,0.00017563527
5779.773597553855,16.464455,14.146375,11.65423,0.00017549907
5781.336663352388,16.503738,14.188087,11.6510105,0.00017536223
5782.899729150921,16.54304,14.229817,11.647781,0.00017522476
5784.462794949455,16.582357,14.271565,11.644543,0.00017508666
5786.025860747988,16.621693,14.313332,11.641294,0.00017494793
5787.588926546521,16.661043,14.355116,11.638035,0.00017480856
5789.151992345055,16.700413,14.396918,11.634767,0.00017466854
5790.715058143588,16.739798,14.438739,11.631488,0.0001745279
5792.278123942121,16.779202,14.4805765,11.6282,0.00017438662
5793.841189740655,16.81862,14.522434,11.624901,0.00017424469
5795.404255539188,16.858059,14.564309,11.6215925,0.00017410213
5796.967321337721,16.897512,14.606203,11.618274,0.00017395892
5798.530387136255,16.936985,14.648115,11.614945,0.00017381507
5800.093452934788,16.976475,14.690045,11.611607,0.00017367057
5801.656518733321,17.015982,14.731995,11.608258,0.00017352543
5803.219584531855,17.055508,14.773963,11.604899,0.00017337965
5804.782650330388,17.095049,14.81595,11.60153,0.00017323322
5806.345716128921,17.134611,14.857956,11.598151,0.00017308614
5807.908781927455,17.174189,14.8999815,11.594762,0.00017293841
5809.471847725988,17.213785,14.942025,11.591362,0.00017279002
5811.034913524521,17.253399,14.984088,11.587952,0.00017264098
5812.5979793230545,17.293032,15.02617,11.584532,0.0001724913
5814.161045121587,17.332682,15.068272,11.5811,0.00017234095
5815.72411092012,17.37235,15.110393,11.57766,0.00017218996
5817.287176718654,17.412037,15.152533,11.574208,0.00017203832
5818.850242517187,17.451742,15.194692,11.570746,0.000171886
5820.41330831572,17.491467,15.236871,11.567274,0.00017173303
5821.976374114254,17.531208,15.27907,11.563791,0.0001715794
5823.539439912787,17.570969,15.321288,11.560298,0.00017142511
5825.10250571132,17.610746,15.363526,11.556793,0.00017127016
5826.665571509854,17.650545,15.405784,11.553279,0.00017111456
5828.228637308387,17.690361,15.448062,11.549754,0.00017095827
5829.79170310692,17.730196,15.490359,11.546218,0.00017080134
5831.354768905454,17.77005,15.532677,11.542672,0.00017064373
5832.917834703987,17.809923,15.575014,11.539115,0.00017048547
5834.48090050252,17.849815,15.6173725,11.535547,0.00017032653
5836.043966301054,17.889727,15.65975,11.531968,0.00017016692
5837.607032099587,17.929657,15.702148,11.528379,0.00017000664
5839.17009789812,17.969606,15.744567,11.524779,0.00016984569
5840.733163696654,18.009573,15.787005,11.521168,0.00016968408
5842.296229495187,18.04956,15.829465,11.517547,0.00016952178
5843.85929529372,18.089567,15.871944,11.513914,0.00016935883
5845.422361092254,18.129595,15.914444,11.51027,0.00016919519
5846.985426890787,18.16964,15.956965,11.506616,0.00016903087
5848.54849268932,18.209705,15.999507,11.50295,0.00016886588
5850.1115584878535,18.249788,16.042068,11.499273,0.00016870021
5851.6746242863865,18.289892,16.084652,11.495585,0.00016853386
5853.237690084919,18.330017,16.127256,11.491887,0.00016836684
5854.800755883453,18.37016,16.16988,11.488177,0.00016819914
5856.363821681986,18.410322,16.212526,11.484456,0.00016803075
5857.92688748052,18.450506,16.255192,11.480724,0.00016786168
5859.489953279053,18.490707,16.29788,11.476981,0.00016769193
5861.053019077586,18.53093,16.340588,11.473227,0.00016752149
5862.61608487612,18.571173,16.383318,11.469461,0.00016735037
5864.179150674653,18.611435,16.42607,11.465684,0.00016717856
5865.742216473186,18.651716,16.468842,11.461896,0.00016700606
5867.30528227172,18.69202,16.511635,11.4580965,0.00016683288
5868.868348070253,18.732342,16.554451,11.454286,0.00016665901
5870.431413868786,18.772684,16.597286,11.450463,0.00016648445
5871.99447966732,18.813047,16.640144,11.44663,0.00016630918
5873.557545465853,18.853432,16.683025,11.442784,0.00016613325
5875.120611264386,18.893835,16.725925,11.438928,0.0001659566
5876.68367706292,18.93426,16.768848,11.43506,0.00016577927
5878.246742861453,18.974705,16.811792,11.431179,0.00016560125
5879.809808659986,19.01517,16.85476,11.427288,0.00016542252
5881.37287445852,19.055655,16.897747,11.423385,0.00016524311
5882.935940257053,19.09616,16.940758,11.41947,0.000165063
5884.499006055586,19.136688,16.98379,11.415544,0.00016488218
5886.0620718541195,19.177237,17.026844,11.411606,0.00016470067
5887.6251376526525,19.217806,17.069921,11.407656,0.00016451847
5889.1882034511855,19.258396,17.11302,11.403694,0.00016433555
5890.751269249719,19.299007,17.156141,11.399721,0.00016415193
5892.314335048252,19.339638,17.199284,11.395736,0.00016396762
5893.877400846785,19.380291,17.242449,11.391739,0.0001637826
5895.440466645319,19.420965,17.285637,11.387731,0.00016359688
5897.003532443852,19.46166,17.328848,11.383709,0.00016341046
5898.566598242385,19.502377,17.37208,11.379677,0.00016322332
5900.129664040919,19.543116,17.415337,11.375632,0.00016303547
5901.692729839452,19.583874,17.458614,11.371575,0.00016284692
5903.255795637985,19.624655,17.501917,11.367506,0.00016265767
5904.818861436519,19.665457,17.54524,11.363425,0.0001624677
5906.381927235052,19.706282,17.588587,11.359333,0.00016227702
5907.944993033585,19.747128,17.631958,11.355227,0.00016208563
5909.508058832119,19.787994,17.67535,11.35111,0.00016189353
5911.071124630652,19.828884,17.718767,11.346981,0.00016170072
5912.634190429185,19.869795,17.762207,11.342839,0.00016150721
5914.197256227719,19.910727,17.80567,11.338685,0.00016131297
5915.760322026252,19.951681,17.849157,11.334519,0.00016111802
5917.323387824785,19.992659,17.892666,11.33034,0.00016092234
5918.886453623319,20.033659,17.936201,11.326149,0.00016072596
5920.449519421852,20.07468,17.979757,11.321946,0.00016052886
5922.012585220385,20.115723,18.023338,11.31773,0.00016033104
5923.5756510189185,20.15679,18.066944,11.313502,0.0001601325
5925.1387168174515,20.19788,18.110573,11.309261,0.00015993325
5926.7017826159845,20.23899,18.154224,11.305008,0.00015973327
5928.264848414518,20.280125,18.1979,11.300742,0.00015953257
5929.827914213051,20.321281,18.241602,11.296464,0.00015933116
5931.390980011585,20.362461,18.285328,11.292173,0.00015912902
5932.954045810118,20.403666,18.329077,11.287869,0.00015892615
5934.517111608651,20.444891,18.372852,11.283553,0.00015872257
5936.080177407185,20.48614,18.41665,11.279224,0.00015851825
5937.643243205718,20.527412,18.460474,11.274882,0.00015831321
5939.206309004251,20.568707,18.504322,11.270528,0.00015810746
5940.769374802785,20.610027,18.548195,11.266161,0.00015790097
5942.332440601318,20.65137,18.592094,11.261781,0.00015769375
5943.895506399851,20.692736,18.636017,11.257387,0.0001574858
5945.458572198385,20.734125,18.679966,11.252981,0.00015727714
5947.021637996918,20.77554,18.72394,11.248562,0.00015706774
5948.584703795451,20.816977,18.767939,11.24413,0.00015685761
5950.147769593985,20.858438,18.811962,11.239685,0.00015664675
5951.710835392518,20.899925,18.856014,11.235228,0.00015643517
5953.273901191051,20.941435,18.90009,11.230756,0.00015622284
5954.836966989585,20.982971,18.944191,11.226272,0.00015600979
5956.400032788118,21.02453,18.98832,11.221775,0.000155796
5957.963098586651,21.066114,19.032475,11.217264,0.0001555815
5959.5261643851845,21.107721,19.076654,11.21274,0.00015536624
5961.0892301837175,21.149355,19.120861,11.208203,0.00015515025
5962.6522959822505,21.191013,19.165094,11.203653,0.00015493353
5964.215361780784,21.232697,19.209354,11.19909,0.00015471608
5965.778427579317,21.274406,19.253641,11.194513,0.00015449789
5967.34149337785,21.31614,19.297955,11.189922,0.00015427895
5968.904559176384,21.357899,19.342295,11.185319,0.0001540593
5970.467624974917,21.399683,19.386663,11.180702,0.00015383889
5972.03069077345,21.441494,19.431057,11.176071,0.00015361774
5973.593756571984,21.48333,19.47548,11.171428,0.00015339586
5975.156822370517,21.525192,19.519928,11.16677,0.00015317324
5976.71988816905,21.56708,19.564405,11.162099,0.00015294988
5978.282953967584,21.608994,19.608912,11.1574135,0.00015272578
5979.846019766117,21.650934,19.653444,11.152715,0.00015250094
5981.40908556465,21.692902,19.698004,11.148003,0.00015227536
5982.972151363184,21.734896,19.742594,11.143277,0.00015204905
5984.535217161717,21.776915,19.78721,11.138537,0.00015182198
5986.09828296025,21.818962,19.831856,11.133784,0.00015159417
5987.661348758784,21.861034,19.87653,11.129018,0.00015136563
5989.224414557317,21.903135,19.921234,11.124236,0.00015113634
5990.78748035585,21.945263,19.965965,11.119442,0.0001509063
5992.350546154384,21.98742,20.010727,11.114633,0.00015067552
5993.913611952917,22.0296,20.055515,11.10981,0.000150444
5995.47667775145,22.071812,20.100336,11.104974,0.00015021174
5997.0397435499835,22.114048,20.145184,11.100122,0.00014997873
5998.6028093485165,22.156315,20.190062,11.095258,0.00014974497
6000.1658751470495,22.198608,20.23497,11.090379,0.00014951048
6001.728940945583,22.24093,20.279907,11.085485,0.00014927523
6003.292006744116,22.28328,20.324875,11.080579,0.00014903923
6004.85507254265,22.325659,20.369873,11.075657,0.0001488025
6006.418138341183,22.368065,20.4149,11.070722,0.00014856501
6007.981204139716,22.410501,20.459959,11.065772,0.00014832677
6009.54426993825,22.452965,20.505049,11.060808,0.0001480878
6011.107335736783,22.495459,20.550167,11.055829,0.00014784807
6012.670401535316,22.537981,20.595318,11.050837,0.00014760758
6014.23346733385,22.580532,20.6405,11.045829,0.00014736636
6015.796533132383,22.623112,20.685713,11.040808,0.00014712439
6017.359598930916,22.665722,20.730955,11.035771,0.00014688168
6018.92266472945,22.708363,20.776232,11.030721,0.00014663821
6020.485730527983,22.751032,20.821537,11.025656,0.00014639398
6022.048796326516,22.79373,20.866877,11.0205765,0.00014614902
6023.61186212505,22.836458,20.912247,11.015482,0.00014590331
6025.174927923583,22.879217,20.95765,11.010373,0.00014565684
6026.737993722116,22.922007,21.003082,11.005249,0.00014540962
6028.30105952065,22.964827,21.04855,11.000111,0.00014516166
6029.864125319183,23.007677,21.094048,10.994958,0.00014491293
6031.427191117716,23.050558,21.13958,10.98979,0.00014466347
6032.99025691625,23.09347,21.185143,10.984607,0.00014441325
6034.553322714783,23.136412,21.23074,10.979409,0.00014416229
6036.1163885133155,23.179386,21.276371,10.974196,0.00014391057
6037.679454311849,23.22239,21.322033,10.968969,0.00014365811
6039.242520110382,23.265427,21.36773,10.963727,0.00014340489
6040.805585908915,23.308493,21.41346,10.958469,0.00014315093
6042.368651707449,23.351593,21.459223,10.953197,0.00014289621
6043.931717505982,23.394724,21.505018,10.947909,0.00014264074
6045.494783304515,23.437887,21.55085,10.942607,0.00014238452
6047.057849103049,23.481081,21.596714,10.937288,0.00014212755
6048.620914901582,23.524307,21.642612,10.931955,0.00014186984
6050.183980700115,23.567568,21.688545,10.926607,0.00014161137
6051.747046498649,23.610859,21.734512,10.921244,0.00014135215
6053.310112297182,23.654182,21.780514,10.915865,0.00014109218
6054.873178095715,23.697538,21.82655,10.910471,0.00014083146
6056.436243894249,23.740927,21.872622,10.905062,0.00014056999
6057.999309692782,23.78435,21.918728,10.899637,0.00014030776
6059.562375491315,23.827805,21.964869,10.8941965,0.0001400448
6061.125441289849,23.871292,22.011044,10.8887415,0.00013978108
6062.688507088382,23.914814,22.057255,10.88327,0.0001395166
6064.251572886915,23.958368,22.103502,10.877784,0.0001392514
6065.814638685449,24.001955,22.149784,10.872281,0.00013898543
6067.377704483982,24.045578,22.196102,10.866763,0.00013871871
6068.940770282515,24.089233,22.242456,10.86123,0.00013845124
6070.503836081049,24.132923,22.288847,10.85568,0.00013818302
6072.066901879582,24.176645,22.335274,10.850116,0.00013791406
6073.629967678115,24.220404,22.381735,10.844535,0.00013764435
6075.193033476648,24.264194,22.428234,10.838938,0.00013737389
6076.756099275181,24.308022,22.47477,10.833325,0.00013710269
6078.319165073715,24.351881,22.521341,10.827698,0.00013683074
6079.882230872248,24.395777,22.56795,10.822054,0.00013655804
6081.445296670781,24.439707,22.614595,10.816394,0.0001362846
6083.008362469315,24.483671,22.661278,10.810718,0.00013601039
6084.571428267848,24.527672,22.707996,10.805025,0.00013573546
6086.134494066381,24.571705,22.754753,10.799317,0.00013545978
6087.697559864915,24.615776,22.801548,10.793593,0.00013518335
6089.260625663448,24.659882,22.84838,10.787852,0.00013490616
6090.823691461981,24.704021,22.895248,10.782096,0.00013462825
6092.386757260515,24.7482,22.942156,10.776323,0.00013434958
6093.949823059048,24.792412,22.989101,10.7705345,0.00013407019
6095.512888857581,24.836658,23.036083,10.7647295,0.00013379003
6097.075954656115,24.880943,23.083105,10.758908,0.00013350914
6098.639020454648,24.925264,23.130165,10.75307,0.0001332275
6100.202086253181,24.96962,23.177263,10.747216,0.00013294512
6101.765152051715,25.014013,23.224401,10.741345,0.00013266201
6103.328217850248,25.058443,23.271576,10.735458,0.00013237815
6104.891283648781,25.10291,23.31879,10.729555,0.00013209356
6106.454349447315,25.147411,23.366045,10.723635,0.00013180822
6108.017415245848,25.191952,23.413338,10.717698,0.00013152215
6109.580481044381,25.236528,23.460669,10.711745,0.00013123533
6111.1435468429145,25.281141,23.50804,10.705775,0.00013094778
6112.7066126414475,25.325792,23.55545,10.699789,0.0001306595
6114.26967843998,25.370481,23.602901,10.693786,0.00013037046
6115.832744238514,25.415207,23.650393,10.687766,0.0001300807
6117.395810037047,25.45997,23.697924,10.681729,0.00012979022
6118.95887583558,25.504772,23.745495,10.675675,0.00012949899
6120.521941634114,25.549612,23.793106,10.669605,0.00012920704
6122.085007432647,25.594488,23.840757,10.663518,0.00012891434
6123.64807323118,25.639404,23.888449,10.6574135,0.00012862092
6125.211139029714,25.684359,23.936182,10.651292,0.00012832676
6126.774204828247,25.729351,23.983955,10.645154,0.00012803187
6128.33727062678,25.774384,24.03177,10.638998,0.00012773626
6129.900336425314,25.819452,24.079628,10.632826,0.00012743991
6131.463402223847,25.864561,24.127525,10.6266365,0.00012714285
6133.02646802238,25.90971,24.175465,10.62043,0.00012684504
6134.589533820914,25.954899,24.223444,10.614205,0.00012654653
6136.152599619447,26.000126,24.271467,10.6079645,0.00012624728
6137.71566541798,26.045393,24.319532,10.6017065,0.0001259473
6139.278731216514,26.090698,24.36764,10.59543,0.0001256466
6140.841797015047,26.136045,24.415789,10.589137,0.00012534519
6142.40486281358,26.18143,24.46398,10.582827,0.00012504305
6143.967928612114,26.226858,24.512215,10.576499,0.0001247402
6145.530994410647,26.272326,24.560492,10.570153,0.00012443661
6147.09406020918,26.317831,24.608812,10.56379,0.00012413232
6148.6571260077135,26.36338,24.657175,10.55741,0.00012382731
6150.2201918062465,26.40897,24.705584,10.551012,0.00012352159
6151.78325760478,26.4546,24.754034,10.544597,0.00012321514
6153.346323403313,26.50027,24.802528,10.538163,0.000122908
6154.909389201846,26.545982,24.851067,10.531713,0.00012260012
6156.47245500038,26.591738,24.899649,10.525244,0.00012229155
6158.035520798913,26.637533,24.948275,10.518758,0.000121982266
6159.598586597446,26.68337,24.996946,10.512254,0.00012167227
6161.16165239598,26.729252,25.045662,10.505732,0.00012136157
6162.724718194513,26.775173,25.094423,10.499191,0.00012105016
6164.287783993046,26.821138,25.143229,10.492634,0.00012073805
6165.85084979158,26.867146,25.19208,10.486058,0.00012042523
6167.413915590113,26.913197,25.240976,10.479465,0.00012011171
6168.976981388646,26.95929,25.289919,10.472853,0.0001197975
6170.54004718718,27.005426,25.338907,10.466223,0.00011948258
6172.103112985713,27.051607,25.387941,10.459575,0.000119166965
6173.666178784246,27.09783,25.437023,10.4529085,0.00011885066
6175.22924458278,27.144098,25.486149,10.446224,0.00011853365
6176.792310381313,27.190409,25.535324,10.439522,0.00011821595
6178.355376179846,27.236765,25.584545,10.432801,0.00011789756
6179.91844197838,27.283165,25.633814,10.426063,0.00011757848
6181.481507776913,27.32961,25.683128,10.419305,0.00011725871
6183.044573575446,27.3761,25.732492,10.41253,0.00011693825
6184.6076393739795,27.422636,25.781904,10.405735,0.00011661711
6186.1707051725125,27.469215,25.831364,10.398923,0.00011629528
6187.7337709710455,27.51584,25.88087,10.392092,0.000115972776
6189.296836769579,27.562511,25.930428,10.385242,0.000115649585
6190.859902568112,27.609228,25.980032,10.378374,0.00011532572
6192.422968366645,27.655993,26.029686,10.371488,0.000115001174
6193.986034165179,27.702803,26.07939,10.364582,0.00011467595
6195.549099963712,27.749659,26.12914,10.357657,0.000114350056
6197.112165762245,27.796562,26.178944,10.350715,0.00011402349
6198.675231560779,27.843513,26.228796,10.343754,0.00011369625
6200.238297359312,27.89051,26.278698,10.336773,0.00011336835
6201.801363157845,27.937555,26.328651,10.329774,0.00011303978
6203.364428956379,27.984648,26.378656,10.322757,0.00011271054
6204.927494754912,28.03179,26.42871,10.31572,0.00011238064
6206.490560553445,28.07898,26.478817,10.308663,0.00011205009
6208.053626351979,28.126217,26.528975,10.301589,0.000111718866
6209.616692150512,28.173504,26.579184,10.294496,0.000111386995
6211.179757949045,28.220839,26.629446,10.287382,0.00011105446
6212.742823747579,28.268223,26.67976,10.280251,0.00011072128
6214.305889546112,28.315657,26.730125,10.2731,0.00011038745
6215.868955344645,28.36314,26.780544,10.265929,0.00011005297
6217.432021143179,28.410675,26.831017,10.25874,0.00010971785
6218.995086941712,28.45826,26.881542,10.251532,0.000109382076
6220.558152740245,28.505894,26.93212,10.244304,0.000109045664
6222.1212185387785,28.553577,26.982752,10.237057,0.000108708606
6223.6842843373115,28.601313,27.03344,10.22979,0.00010837092
6225.2473501358445,28.649101,27.084179,10.222504,0.00010803259
6226.810415934378,28.69694,27.134975,10.2151985,0.00010769363
6228.373481732911,28.74483,27.185825,10.207873,0.00010735405
6229.936547531445,28.79277,27.23673,10.200529,0.00010701383
6231.499613329978,28.840765,27.287691,10.193166,0.00010667298
6233.062679128511,28.888811,27.338707,10.185782,0.000106331514
6234.625744927045,28.93691,27.389778,10.178379,0.00010598943
6236.188810725578,28.985062,27.440907,10.170957,0.00010564672
6237.751876524111,29.033268,27.492092,10.163514,0.0001053034
6239.314942322645,29.081526,27.543333,10.156053,0.000104959465
6240.878008121178,29.129837,27.594631,10.148571,0.00010461491
6242.441073919711,29.178204,27.645987,10.141068,0.00010426976
6244.004139718245,29.226624,27.6974,10.133548,0.000103923994
6245.567205516778,29.275099,27.74887,10.126006,0.00010357763
6247.130271315311,29.323627,27.8004,10.118444,0.00010323066
6248.693337113845,29.372211,27.851988,10.110864,0.000102883096
6250.256402912378,29.42085,27.903633,10.103262,0.00010253494
6251.819468710911,29.469545,27.955338,10.095641,0.00010218618
6253.382534509445,29.518297,28.007103,10.088,0.00010183684
6254.945600307978,29.567102,28.058926,10.0803385,0.00010148692
6256.508666106511,29.615965,28.11081,10.072657,0.0001011364
6258.0717319050445,29.664885,28.162752,10.064955,0.000100785306
6259.6347977035775,29.713861,28.214756,10.057233,0.00010043364
6261.1978635021105,29.762894,28.266819,10.049491,0.00010008139
6262.760929300644,29.811983,28.318943,10.041729,9.972857e-5
6264.323995099177,29.861132,28.37113,10.033946,9.937518e-5
6265.88706089771,29.910337,28.423376,10.026143,9.902123e-5
6267.450126696244,29.9596,28.475685,10.018319,9.866671e-5
6269.013192494777,30.008923,28.528055,10.010475,9.8311626e-5
6270.57625829331,30.058304,28.580488,10.002611,9.795599e-5
6272.139324091844,30.107742,28.632984,9.994726,9.7599805e-5
6273.702389890377,30.15724,28.685541,9.98682,9.7243064e-5
6275.26545568891,30.206799,28.738163,9.978894,9.688577e-5
6276.828521487444,30.256414,28.790846,9.970947,9.652794e-5
6278.391587285977,30.306091,28.843594,9.96298,9.616957e-5
6279.95465308451,30.35583,28.896406,9.954992,9.581066e-5
6281.517718883044,30.405626,28.949282,9.946983,9.5451214e-5
6283.080784681577,30.455484,29.002222,9.938953,9.5091236e-5
6284.64385048011,30.505404,29.055225,9.930903,9.4730734e-5
6286.206916278644,30.555386,29.108295,9.9228325,9.43697e-5
6287.769982077177,30.605427,29.16143,9.914741,9.400816e-5
6289.33304787571,30.65553,29.21463,9.906628,9.364609e-5
6290.896113674244,30.705696,29.267897,9.898493,9.328351e-5
6292.459179472777,30.755922,29.32123,9.890338,9.2920425e-5
6294.02224527131,30.806213,29.374628,9.882162,9.255683e-5
6295.585311069844,30.856565,29.428093,9.873965,9.219273e-5
6297.1483768683765,30.906982,29.481625,9.865747,9.182814e-5
6298.7114426669095,30.95746,29.535225,9.857508,9.1463044e-5
6300.274508465443,31.008003,29.588892,9.849247,9.1097456e-5
6301.837574263976,31.05861,29.642626,9.840966,9.073139e-5
6303.40064006251,31.109282,29.696428,9.832663,9.036483e-5
6304.963705861043,31.160017,29.7503,9.824339,8.99978e-5
6306.526771659576,31.210815,29.804241,9.815993,8.963029e-5
6308.08983745811,31.26168,29.85825,9.807626,8.92623e-5
6309.652903256643,31.31261,29.912329,9.799238,8.889385e-5
6311.215969055176,31.363605,29.966476,9.790828,8.852493e-5
6312.77903485371,31.414667,30.020693,9.782397,8.815556e-5
6314.342100652243,31.465796,30.074982,9.773944,8.7785724e-5
6315.905166450776,31.516989,30.12934,9.76547,8.741544e-5
6317.46823224931,31.56825,30.18377,9.756974,8.704471e-5
6319.031298047843,31.619577,30.23827,9.748457,8.6673535e-5
6320.594363846376,31.670973,30.292841,9.739918,8.630192e-5
6322.15742964491,31.722435,30.347485,9.731357,8.5929874e-5
6323.720495443443,31.773966,30.4022,9.7227745,8.555739e-5
6325.283561241976,31.825563,30.456987,9.71417,8.518448e-5
6326.84662704051,31.877232,30.511848,9.705544,8.481115e-5
6328.409692839043,31.928967,30.566782,9.696897,8.443741e-5
6329.972758637576,31.980772,30.62179,9.688227,8.406325e-5
6331.53582443611,32.032646,30.67687,9.679536,8.3688676e-5
6333.098890234643,32.08459,30.732025,9.670822,8.331371e-5
6334.661956033176,32.136604,30.787252,9.6620865,8.2938335e-5
6336.2250218317095,32.18869,30.842558,9.653329,8.256257e-5
6337.788087630242,32.240845,30.897936,9.644549,8.218641e-5
6339.351153428775,32.293068,30.95339,9.635748,8.180986e-5
6340.914219227309,32.345367,31.00892,9.6269245,8.143294e-5
6342.477285025842,32.397736,31.064526,9.618078,8.1055645e-5
6344.040350824375,32.450176,31.120209,9.609211,8.067797e-5
6345.603416622909,32.50269,31.175968,9.60032,8.0299935e-5
6347.166482421442,32.555275,31.231804,9.591408,7.9921534e-5
6348.729548219975,32.607937,31.287718,9.582473,7.954278e-5
6350.292614018509,32.660667,31.34371,9.573516,7.916367e-5
6351.855679817042,32.713474,31.399778,9.564537,7.8784215e-5
6353.418745615575,32.766354,31.455929,9.555535,7.8404424e-5
6354.981811414109,32.81931,31.512156,9.546511,7.802429e-5
6356.544877212642,32.872337,31.568462,9.537464,7.764383e-5
6358.107943011175,32.92544,31.62485,9.528396,7.726304e-5
6359.671008809709,32.978622,31.681318,9.519303,7.688193e-5
6361.234074608242,33.03188,31.737865,9.510189,7.65005e-5
6362.797140406775,33.085213,31.794495,9.501053,7.611877e-5
6364.360206205309,33.138622,31.851204,9.491894,7.573673e-5
6365.923272003842,33.192104,31.907995,9.482712,7.5354386e-5
6367.486337802375,33.24567,31.964869,9.473507,7.497175e-5
6369.049403600909,33.29931,32.021828,9.464279,7.458883e-5
6370.612469399442,33.353027,32.078865,9.4550295,7.420562e-5
6372.175535197975,33.406826,32.13599,9.445756,7.382214e-5
6373.7386009965085,33.460705,32.193195,9.4364605,7.343838e-5
6375.3016667950415,33.51466,32.25049,9.427142,7.305436e-5
6376.864732593575,33.568695,32.30786,9.4178,7.2670075e-5
6378.427798392108,33.622814,32.365322,9.408436,7.228553e-5
6379.990864190641,33.67701,32.42287,9.399049,7.1900744e-5
6381.553929989175,33.73129,32.480503,9.389638,7.1515715e-5
6383.116995787708,33.78565,32.538223,9.380204,7.1130446e-5
6384.680061586241,33.840088,32.59603,9.370748,7.074494e-5
6386.243127384775,33.89461,32.653923,9.361268,7.0359216e-5
6387.806193183308,33.94922,32.711906,9.351766,6.997327e-5
6389.369258981841,34.00391,32.769974,9.342239,6.9587106e-5
6390.932324780375,34.05868,32.828133,9.33269,6.920074e-5
6392.495390578908,34.11354,32.886383,9.323118,6.881417e-5
6394.058456377441,34.16848,32.94472,9.313522,6.8427405e-5
6395.621522175975,34.22351,33.003147,9.303904,6.8040456e-5
6397.184587974508,34.27862,33.06167,9.294262,6.765332e-5
6398.747653773041,34.33382,33.120277,9.284596,6.7266e-5
6400.310719571575,34.389103,33.178978,9.274907,6.687852e-5
6401.873785370108,34.444477,33.237774,9.265195,6.649087e-5
6403.436851168641,34.499935,33.296658,9.255459,6.610307e-5
6404.999916967175,34.55548,33.35564,9.2457,6.571512e-5
6406.562982765708,34.611115,33.41471,9.235917,6.532702e-5
6408.126048564241,34.666836,33.47388,9.226111,6.493879e-5
6409.6891143627745,34.72265,33.533142,9.216281,6.455042e-5
6411.2521801613075,34.77855,33.5925,9.206428,6.4161926e-5
6412.8152459598405,34.83454,33.65195,9.19655,6.377332e-5
6414.378311758374,34.890625,33.711502,9.18665,6.33846e-5
6415.941377556907,34.946796,33.771145,9.176725,6.299577e-5
6417.50444335544,35.003063,33.830887,9.166778,6.260685e-5
6419.067509153974,35.059418,33.890728,9.156805,6.221784e-5
6420.630574952507,35.115868,33.95067,9.14681,6.182875e-5
6422.19364075104,35.17241,34.010704,9.13679,6.143958e-5
6423.756706549574,35.229046,34.07084,9.126747,6.105034e-5
6425.319772348107,35.285774,34.131077,9.116679,6.0661037e-5
6426.88283814664,35.342598,34.191414,9.106588,6.0271683e-5
6428.445903945174,35.399517,34.25185,9.096473,5.988228e-5
6430.008969743707,35.45653,34.31239,9.086334,5.9492835e-5
6431.57203554224,35.513645,34.37303,9.076171,5.910336e-5
6433.135101340774,35.57085,34.433773,9.065984,5.8713857e-5
6434.698167139307,35.628155,34.494617,9.055773,5.8324335e-5
6436.26123293784,35.685555,34.55557,9.045538,5.7934805e-5
6437.824298736374,35.743053,34.61662,9.035278,5.754527e-5
6439.387364534907,35.80065,34.67778,9.024995,5.715574e-5
6440.95043033344,35.85835,34.73904,9.014688,5.676622e-5
6442.513496131974,35.916145,34.80041,9.004355,5.6376724e-5
6444.076561930507,35.97404,34.861885,8.9939995,5.5987253e-5
6445.63962772904,36.032036,34.92347,8.98362,5.5597815e-5
6447.2026935275735,36.090134,34.985157,8.973215,5.5208424e-5
6448.7657593261065,36.148335,35.046955,8.962786,5.481908e-5
6450.32882512464,36.206635,35.10886,8.9523325,5.4429795e-5
6451.891890923173,36.26504,35.170876,8.941855,5.4040578e-5
6453.454956721706,36.323547,35.233,8.931354,5.3651434e-5
6455.01802252024,36.38216,35.295235,8.920827,5.3262378e-5
6456.581088318773,36.440876,35.35758,8.910275,5.287341e-5
6458.144154117306,36.4997,35.420036,8.8997,5.2484538e-5
6459.70721991584,36.558624,35.482605,8.889101,5.2095776e-5
6461.270285714373,36.617657,35.545284,8.878476,5.1707128e-5
6462.833351512906,36.676796,35.608078,8.867827,5.1318606e-5
6464.39641731144,36.73604,35.670986,8.857154,5.0930215e-5
6465.959483109973,36.795395,35.73401,8.846456,5.0541967e-5
6467.522548908506,36.854855,35.797146,8.835732,5.0153867e-5
6469.08561470704,36.914425,35.860397,8.8249855,4.9765924e-5
6470.648680505573,36.974102,35.923763,8.814213,4.9378148e-5
6472.211746304106,37.033894,35.987247,8.803416,4.8990547e-5
6473.77481210264,37.093792,36.05085,8.792594,4.8603128e-5
6475.337877901173,37.1538,36.11457,8.781748,4.8215905e-5
6476.900943699706,37.213924,36.17841,8.770877,4.7828882e-5
6478.46400949824,37.27416,36.242367,8.75998,4.7442067e-5
6480.027075296773,37.334507,36.306442,8.74906,4.7055473e-5
6481.590141095306,37.394966,36.37064,8.738113,4.666911e-5
6483.1532068938395,37.45554,36.43496,8.727143,4.6282978e-5
6484.7162726923725,37.516228,36.499397,8.716147,4.5897097e-5
6486.2793384909055,37.577034,36.56396,8.705127,4.551147e-5
6487.842404289439,37.63795,36.628643,8.694081,4.5126108e-5
6489.405470087972,37.698986,36.693455,8.683011,4.474102e-5
6490.968535886505,37.76014,36.758385,8.671916,4.4356213e-5
6492.531601685039,37.82141,36.823444,8.660795,4.39717e-5
6494.094667483572,37.882797,36.888626,8.64965,4.358749e-5
6495.657733282105,37.944305,36.953934,8.638478,4.3203592e-5
6497.220799080639,38.00593,37.01937,8.627282,4.2820015e-5
6498.783864879172,38.06768,37.084934,8.616061,4.2436764e-5
6500.346930677705,38.129547,37.150627,8.6048155,4.205386e-5
6501.909996476239,38.191536,37.216446,8.593544,4.16713e-5
6503.473062274772,38.253647,37.282394,8.582248,4.1289102e-5
6505.036128073305,38.31588,37.348476,8.570926,4.0907275e-5
6506.599193871839,38.378235,37.41469,8.559578,4.0525825e-5
6508.162259670372,38.440716,37.48103,8.548206,4.0144765e-5
6509.725325468905,38.503323,37.547504,8.536808,3.9764105e-5
6511.288391267439,38.56605,37.614113,8.525385,3.9383853e-5
6512.851457065972,38.62891,37.680855,8.513937,3.9004022e-5
6514.414522864505,38.691895,37.74773,8.502463,3.862462e-5
6515.977588663039,38.755005,37.814743,8.490964,3.8245656e-5
6517.540654461572,38.818245,37.88189,8.47944,3.7867147e-5
6519.103720260105,38.881615,37.949177,8.46789,3.748909e-5
6520.6667860586385,38.94511,38.016598,8.456314,3.7111513e-5
6522.2298518571715,39.00874,38.08416,8.444714,3.673441e-5
6523.792917655705,39.0725,38.15186,8.433087,3.6357804e-5
6525.355983454238,39.13639,38.2197,8.421435,3.59817e-5
6526.919049252771,39.200413,38.28768,8.409758,3.5606103e-5
6528.482115051305,39.264572,38.355804,8.398054,3.5231034e-5
6530.045180849838,39.32886,38.42407,8.386326,3.48565e-5
6531.608246648371,39.393288,38.492477,8.374572,3.448251e-5
6533.171312446905,39.45785,38.56103,8.362792,3.4109074e-5
6534.734378245438,39.52255,38.629726,8.3509865,3.3736207e-5
6536.297444043971,39.587383,38.69857,8.339156,3.336392e-5
6537.860509842505,39.65236,38.76756,8.327299,3.299222e-5
6539.423575641038,39.717472,38.836697,8.315416,3.2621116e-5
6540.986641439571,39.782722,38.905983,8.303509,3.2250628e-5
6542.549707238105,39.848114,38.975414,8.2915745,3.188076e-5
6544.112773036638,39.913647,39.045,8.279615,3.1511525e-5
6545.675838835171,39.979324,39.114735,8.26763,3.114294e-5
6547.238904633705,40.045143,39.18462,8.255618,3.0775005e-5
6548.801970432238,40.111103,39.25466,8.243582,3.040774e-5
6550.365036230771,40.17721,39.324856,8.231519,3.0041156e-5
6551.928102029305,40.243465,39.395203,8.21943,2.967526e-5
6553.491167827838,40.309864,39.465706,8.207315,2.931007e-5
6555.054233626371,40.376408,39.536366,8.195175,2.8945591e-5
6556.617299424905,40.443104,39.60718,8.183009,2.8581839e-5
6558.180365223438,40.50995,39.678158,8.170817,2.8218825e-5
6559.7434310219705,40.57694,39.74929,8.158599,2.7856559e-5
6561.306496820504,40.644085,39.820583,8.146356,2.7495056e-5
6562.869562619037,40.71138,39.89204,8.134086,2.7134325e-5
6564.43262841757,40.778828,39.963657,8.12179,2.6774382e-5
6565.995694216104,40.84643,40.03544,8.1094675,2.6415235e-5
6567.558760014637,40.91419,40.107384,8.09712,2.6056898e-5
6569.12182581317,40.982098,40.179493,8.084746,2.5699383e-5
6570.684891611704,41.050167,40.25177,8.072347,2.5342702e-5
6572.247957410237,41.118393,40.32421,8.05992,2.498687e-5
6573.81102320877,41.186775,40.39682,8.047468,2.4631894e-5
6575.374089007304,41.25532,40.4696,8.03499,2.4277791e-5
6576.937154805837,41.324024,40.54255,8.022487,2.3924573e-5
6578.50022060437,41.392887,40.61567,8.009956,2.3572251e-5
6580.063286402904,41.461914,40.688965,7.9974003,2.3220839e-5
6581.626352201437,41.531105,40.76243,7.984818,2.2870348e-5
6583.18941799997,41.600456,40.83607,7.9722095,2.2520791e-5
6584.752483798504,41.669975,40.909885,7.9595747,2.2172184e-5
6586.315549597037,41.73966,40.983875,7.9469137,2.1824537e-5
6587.87861539557,41.80951,41.058044,7.934227,2.1477865e-5
6589.441681194104,41.87953,41.132393,7.921514,2.1132177e-5
6591.004746992637,41.94972,41.20692,7.9087744,2.0787491e-5
6592.56781279117,42.020077,41.28163,7.896009,2.0443817e-5
6594.130878589704,42.090607,41.35652,7.8832173,2.0101168e-5
6595.693944388237,42.161312,41.43159,7.8703995,1.975956e-5
6597.25701018677,42.232185,41.50685,7.8575554,1.9419005e-5
6598.820075985303,42.303238,41.58229,7.844685,1.9079516e-5
6600.383141783836,42.374462,41.65792,7.831788,1.8741106e-5
6601.94620758237,42.445866,41.733738,7.8188653,1.8403789e-5
6603.509273380903,42.517445,41.809742,7.8059163,1.806758e-5
6605.072339179436,42.589203,41.885933,7.7929406,1.7732491e-5
6606.63540497797,42.66114,41.96232,7.7799387,1.7398535e-5
6608.198470776503,42.73326,42.0389,7.766911,1.706573e-5
6609.761536575036,42.80556,42.11567,7.7538567,1.6734084e-5
6611.32460237357,42.878044,42.19263,7.7407756,1.6403614e-5
6612.887668172103,42.950714,42.26979,7.727669,1.6074335e-5
6614.450733970636,43.023567,42.34715,7.7145357,1.5746258e-5
6616.01379976917,43.096607,42.424706,7.701376,1.54194e-5
6617.576865567703,43.169838,42.50246,7.68819,1.5093774e-5
6619.139931366236,43.24325,42.580414,7.674978,1.47693945e-5
6620.70299716477,43.31686,42.658573,7.661739,1.4446276e-5
6622.266062963303,43.39066,42.73693,7.6484737,1.4124431e-5
6623.829128761836,43.46465,42.815495,7.6351824,1.3803876e-5
6625.39219456037,43.538837,42.894268,7.621865,1.3484624e-5
6626.955260358903,43.613216,42.973244,7.6085205,1.316669e-5
6628.518326157436,43.687794,43.05243,7.59515,1.2850091e-5
6630.08139195597,43.762566,43.131824,7.5817533,1.2534838e-5
6631.644457754503,43.837536,43.21143,7.56833,1.2220947e-5
6633.207523553036,43.91271,43.29125,7.55488,1.1908433e-5
6634.7705893515695,43.988083,43.37128,7.541404,1.1597312e-5
6636.3336551501025,44.063656,43.451527,7.527901,1.1287597e-5
6637.896720948635,44.13944,43.53199,7.5143723,1.09793045e-5
6639.459786747169,44.21542,43.61267,7.500817,1.0672448e-5
6641.022852545702,44.29161,43.693573,7.487235,1.03670445e-5
6642.585918344235,44.36801,43.774693,7.4736266,1.0063107e-5
6644.148984142769,44.44462,43.856033,7.459992,9.760653e-6
6645.712049941302,44.521435,43.9376,7.446331,9.459695e-6
6647.275115739835,44.598465,44.01939,7.4326434,9.1602515e-6
6648.838181538369,44.67571,44.10141,7.418929,8.862336e-6
6650.401247336902,44.753166,44.183655,7.405189,8.565964e-6
6651.964313135435,44.830837,44.26613,7.3914223,8.271152e-6
6653.527378933969,44.90873,44.34883,7.377629,7.977915e-6
6655.090444732502,44.98684,44.43177,7.363809,7.686268e-6
6656.653510531035,45.06517,44.514942,7.3499627,7.3962274e-6
6658.216576329569,45.14372,44.598347,7.33609,7.1078093e-6
6659.779642128102,45.222496,44.68199,7.322191,6.8210297e-6
6661.342707926635,45.301495,44.765873,7.3082657,6.535904e-6
6662.905773725169,45.380722,44.85,7.294314,6.252448e-6
6664.468839523702,45.460175,44.93436,7.280336,5.970678e-6
6666.031905322235,45.539856,45.01897,7.266331,5.69061e-6
6667.594971120769,45.61977,45.103825,7.2523,5.4122606e-6
6669.158036919302,45.699917,45.188923,7.238242,5.135646e-6
6670.721102717835,45.780296,45.274273,7.2241583,4.860782e-6
6672.2841685163685,45.860912,45.35987,7.2100477,4.5876855e-6
6673.8472343149015,45.941765,45.44572,7.195911,4.316372e-6
6675.410300113435,46.022858,45.531826,7.181748,4.0468585e-6
6676.973365911968,46.104187,45.618187,7.167558,3.7791622e-6
6678.536431710501,46.185764,45.704803,7.1533422,3.513299e-6
6680.099497509035,46.267582,45.79168,7.1390996,3.2492856e-6
6681.662563307568,46.349644,45.878815,7.1248307,2.987139e-6
6683.225629106101,46.431953,45.966213,7.1105356,2.7268757e-6
6684.788694904635,46.514515,46.053875,7.096214,2.4685125e-6
6686.351760703168,46.597324,46.141804,7.081866,2.2120666e-6
6687.914826501701,46.680386,46.23,7.067491,1.957555e-6
6689.477892300235,46.763702,46.318466,7.0530906,1.7049947e-6
6691.040958098768,46.847275,46.407204,7.0386634,1.4544029e-6
6692.604023897301,46.931103,46.496216,7.0242095,1.2057964e-6
6694.167089695835,47.015194,46.585503,7.00973,9.591926e-7
6695.730155494368,47.099545,46.675068,6.9952235,7.14609e-7
6697.293221292901,47.18416,46.76491,6.980691,4.720628e-7
6698.856287091435,47.269035,46.855038,6.966132,2.315715e-7
6700.419352889968,47.35418,46.945442,6.9515467,-6.8475696e-9
6701.982418688501,47.439594,47.036137,6.9369354,-2.4317706e-7
6703.545484487035,47.52528,47.127117,6.9222975,-4.7739996e-7
6705.108550285568,47.611237,47.218388,6.9076333,-7.094988e-7
6706.671616084101,47.697468,47.309948,6.892943,-9.394556e-7
6708.2346818826345,47.783978,47.401806,6.8782263,-1.1672527e-6
6709.7977476811675,47.87076,47.493954,6.8634834,-1.3928722e-6
6711.3608134797005,47.95783,47.586403,6.848714,-1.616296e-6
6712.923879278234,48.045177,47.67915,6.8339186,-1.8375066e-6
6714.486945076767,48.132812,47.7722,6.8190966,-2.0564858e-6
6716.0500108753,48.22073,47.865555,6.804249,-2.2732154e-6
6717.613076673834,48.308937,47.959213,6.789375,-2.4876772e-6
6719.176142472367,48.397438,48.053185,6.774474,-2.699853e-6
6720.7392082709,48.48623,48.14746,6.7595477,-2.9097248e-6
6722.302274069434,48.575314,48.242054,6.744595,-3.1172742e-6
6723.865339867967,48.664696,48.336964,6.729616,-3.322483e-6
6725.4284056665,48.75438,48.43219,6.714611,-3.5253327e-6
6726.991471465034,48.84436,48.527733,6.6995797,-3.7258044e-6
6728.554537263567,48.93465,48.623604,6.6845226,-3.9238803e-6
6730.1176030621,49.02524,48.719795,6.6694393,-4.119541e-6
6731.680668860634,49.116142,48.816315,6.65433,-4.3127684e-6
6733.243734659167,49.207355,48.913162,6.639194,-4.5035436e-6
6734.8068004577,49.298878,49.010345,6.6240325,-4.691848e-6
6736.369866256234,49.390717,49.10786,6.6088448,-4.8776633e-6
6737.932932054767,49.482872,49.205715,6.593631,-5.060969e-6
6739.4959978533,49.575348,49.303905,6.578391,-5.241748e-6
6741.059063651834,49.668144,49.40244,6.5631256,-5.4199804e-6
6742.622129450367,49.76127,49.50132,6.547834,-5.595647e-6
6744.1851952489,49.854717,49.600544,6.532516,-5.7687294e-6
6745.7482610474335,49.948498,49.70012,6.5171723,-5.9392078e-6
6747.3113268459665,50.042606,49.80005,6.501803,-6.107063e-6
6748.8743926445,50.137054,49.900333,6.4864073,-6.2722766e-6
6750.437458443033,50.231834,50.000977,6.470986,-6.434828e-6
6752.000524241566,50.326958,50.10198,6.4555387,-6.594699e-6
6753.5635900401,50.422424,50.203342,6.440066,-6.7518695e-6
6755.126655838633,50.51823,50.305073,6.4245667,-6.9063203e-6
6756.689721637166,50.614388,50.407173,6.409042,-7.0580313e-6
6758.2527874357,50.710896,50.509647,6.3934913,-7.206984e-6
6759.815853234233,50.807755,50.612495,6.3779154,-7.3531573e-6
6761.378919032766,50.904972,50.71572,6.3623133,-7.496533e-6
6762.9419848313,51.00255,50.81933,6.3466854,-7.637091e-6
6764.505050629833,51.100483,50.923317,6.331032,-7.774811e-6
6766.068116428366,51.198784,51.027695,6.3153524,-7.909673e-6
6767.6311822269,51.297455,51.13246,6.299648,-8.041658e-6
6769.194248025433,51.396492,51.23762,6.2839174,-8.170744e-6
6770.757313823966,51.495903,51.343174,6.2681613,-8.296914e-6
6772.3203796225,51.59569,51.44913,6.2523794,-8.420146e-6
6773.883445421033,51.695854,51.55549,6.2365723,-8.54042e-6
6775.446511219566,51.796402,51.66225,6.2207394,-8.6577165e-6
6777.0095770181,51.897335,51.769424,6.204881,-8.772015e-6
6778.572642816633,51.998657,51.877007,6.1889977,-8.883295e-6
6780.135708615166,52.10037,51.98501,6.173088,-8.991536e-6
6781.6987744136995,52.202477,52.093426,6.1571536,-9.096719e-6
6783.2618402122325,52.30498,52.202267,6.1411934,-9.198821e-6
