niter,test_name,train_losses,test_losses,train_metrics,test_metrics
1,8neurons/,7.162744320882634e-5,0.00011902165280813203,0.1001640719419636,0.1427509193515795
2,8neurons/,7.166844523683058e-5,0.00011908232477369574,0.10016838658513615,0.142748207581328
3,8neurons/,7.166237585328077e-5,0.00011904450564078877,0.10017324484542765,0.14271949794212443
4,8neurons/,7.502096288574607e-5,0.00012218097049393974,0.10007093867128623,0.13986849373896254
5,8neurons/,9.454219356861118e-5,0.00013362888692479747,0.10140738287382953,0.12990585978608993
6,8neurons/,0.00011722207218725453,0.00012704713117823427,0.10932432568100094,0.12014544529141284
7,8neurons/,0.00010216153987820109,0.00012209470116347377,0.10844770507932014,0.12083397585942926
8,8neurons/,8.183698953368808e-5,0.00010064892528961008,0.10723854553051372,0.1214901699278652
9,8neurons/,8.162533753681368e-5,9.80048479512036e-5,0.10774702304728702,0.1212058591568834
10,8neurons/,8.218038545737124e-5,9.52463586135658e-5,0.10847891307553278,0.1207875722334469
11,8neurons/,8.243143979884744e-5,9.452120490593068e-5,0.10870303441176116,0.12064950158938757
12,8neurons/,8.222632861496024e-5,9.45384018307182e-5,0.10864069837629543,0.120685964284966
13,8neurons/,8.197068484933625e-5,9.452893356130449e-5,0.10857328386621544,0.12071962305466574
14,8neurons/,8.194598080240797e-5,9.453708014250996e-5,0.10856595868484235,0.12072359697813485
15,8neurons/,8.19252276525459e-5,9.454447510577888e-5,0.10855938566130022,0.12072649288953859
16,8neurons/,8.191085125863737e-5,9.456193427485132e-5,0.108552805391065,0.12072925106084433
17,8neurons/,8.191054832392116e-5,9.460033571832212e-5,0.10854621770180464,0.12073217884031151
18,8neurons/,8.191054770626944e-5,9.460061625914614e-5,0.10854611079149085,0.12073222346021037
19,8neurons/,8.1910559634338e-5,9.460040866853434e-5,0.10854610250396897,0.12073221684066367
20,8neurons/,8.1910561348917e-5,9.460041182291352e-5,0.10854610272202325,0.12073221648695111
21,8neurons/,8.191437703997285e-5,9.462030489997294e-5,0.10854357442686097,0.12073334111533368
22,8neurons/,8.191452751670058e-5,9.463723379045508e-5,0.10854047598092202,0.12073554480200333
23,8neurons/,8.191436002424084e-5,9.463723625421177e-5,0.10854047321340826,0.12073551234901271
24,8neurons/,8.191438450614273e-5,9.463727080484614e-5,0.10854048323669212,0.12073557925431111
25,8neurons/,8.191387610814305e-5,9.463814322256244e-5,0.10854032650669017,0.12073577530127337
26,8neurons/,8.191385941601341e-5,9.463817923352007e-5,0.10854034233772566,0.12073578228065154
27,8neurons/,8.191385941601341e-5,9.463817923352007e-5,0.10854034233772566,0.12073578228065154
28,8neurons/,8.191385941601341e-5,9.463817923352007e-5,0.10854034233772566,0.12073578228065154
29,8neurons/,8.191385941601341e-5,9.463817923352007e-5,0.10854034233772566,0.12073578228065154
30,8neurons/,8.186030332747152e-5,9.457339487240561e-5,0.10853437437704179,0.12074181168535301
31,8neurons/,7.737647498835723e-5,9.435065738449302e-5,0.10632699908376145,0.12070621630616275
32,8neurons/,7.359766992375324e-5,9.442002024308987e-5,0.10435282451256855,0.12033935958498063
33,8neurons/,7.417217106925919e-5,9.442424834985245e-5,0.10471965831605945,0.12030948897209277
34,8neurons/,7.417179967512728e-5,9.442426292272437e-5,0.1047195240803205,0.12030954648010883
35,8neurons/,7.417179967512728e-5,9.442426292272437e-5,0.1047195240803205,0.12030954648010883
36,8neurons/,7.417179967512728e-5,9.442426292272437e-5,0.1047195240803205,0.12030954648010883
37,8neurons/,7.417009602744194e-5,9.442891409011205e-5,0.10471693803461392,0.12031025005528159
38,8neurons/,6.332863133389631e-5,0.00010101651303307202,0.09747923442843505,0.12176906516222444
39,8neurons/,5.9801247342517594e-5,9.7576358368998e-5,0.09680232656088572,0.12204853278911287
40,8neurons/,6.869476648052986e-5,9.491000467985704e-5,0.10150283297921088,0.12024031970203841
41,8neurons/,6.565297611777149e-5,9.543165700192102e-5,0.10028347060019355,0.12019914652645045
42,8neurons/,6.479471690534172e-5,9.5678621994304e-5,0.09989845136832089,0.12036775930332087
43,8neurons/,6.501445203096179e-5,9.561230687633594e-5,0.10000314711546379,0.12032521418156976
44,8neurons/,6.503307075994903e-5,9.561436745278475e-5,0.1000142297786049,0.12033034547785236
45,8neurons/,6.510635703344312e-5,9.564377292884188e-5,0.10005641114616802,0.120357279317143
46,8neurons/,6.502132684940785e-5,9.569508363709439e-5,0.10002416762751823,0.12039780824897148
47,8neurons/,6.471580681185514e-5,9.58796529833611e-5,0.09990534943532416,0.12054046999441234
48,8neurons/,6.455169880100889e-5,9.604890907354967e-5,0.09985408947145212,0.12067629291266377
49,8neurons/,6.459008537050863e-5,9.608690497689949e-5,0.09987693591461334,0.12070580578653337
50,8neurons/,6.463314875004809e-5,9.612113451033879e-5,0.09990178973974036,0.12073761691313975
51,8neurons/,6.460490978947898e-5,9.611643268689239e-5,0.09988822679873958,0.12073130187400102
52,8neurons/,6.459906472161087e-5,9.610528908320521e-5,0.0998839314590171,0.12072190494561474
53,8neurons/,6.459769535723842e-5,9.610578184518746e-5,0.09988349929366919,0.12072270252154221
54,8neurons/,6.459769506970561e-5,9.610568776474297e-5,0.0998835730911329,0.12072262180484988
55,8neurons/,6.459565990370723e-5,9.610486358656647e-5,0.09988194674488453,0.12072167446670189
56,8neurons/,6.459565990370723e-5,9.610486358656647e-5,0.09988194674488453,0.12072167446670189
57,8neurons/,6.459565990370723e-5,9.610486358656647e-5,0.09988194674488453,0.12072167446670189
58,8neurons/,6.458853084355561e-5,9.612816495040591e-5,0.09987337294364718,0.12073033361509183
59,8neurons/,6.20944315628577e-5,9.9231633731142e-5,0.09774277397192226,0.12193351994276122
60,8neurons/,5.7095298591129837e-5,9.954004463169703e-5,0.09453734038797437,0.12324809939638466
61,8neurons/,5.7549210128316406e-5,9.892484174430763e-5,0.09493855762541469,0.12275983981798591
62,8neurons/,6.029732033171998e-5,9.501817235580181e-5,0.09611571773469518,0.11929447295538051
63,8neurons/,5.892960600158927e-5,9.502126906465377e-5,0.09507462332562643,0.11882899790155303
64,8neurons/,5.6673881044418124e-5,9.507518967383177e-5,0.09349460915439864,0.11867197440245983
65,8neurons/,5.75695899431469e-5,9.466011967250704e-5,0.09408817867879031,0.11845660870141
66,8neurons/,5.774111939943585e-5,9.447146507569025e-5,0.0941422142911378,0.11829666323186816
67,8neurons/,5.783043801805884e-5,9.433756875697775e-5,0.09415310461543616,0.11817559646855595
68,8neurons/,5.78669983193989e-5,9.42429459588764e-5,0.09413301918389555,0.11808082128933813
69,8neurons/,5.786697212066832e-5,9.423565780929702e-5,0.09412871230177305,0.11807253628992119
70,8neurons/,5.786697212066832e-5,9.423565780929702e-5,0.09412871230177305,0.11807253628992119
71,8neurons/,5.786697212066832e-5,9.423565780929702e-5,0.09412871230177305,0.11807253628992119
72,8neurons/,5.786697212066832e-5,9.423565780929702e-5,0.09412871230177305,0.11807253628992119
73,8neurons/,5.7824993916082806e-5,9.452350596424731e-5,0.09402330268317305,0.11812075790800651
74,8neurons/,5.2223448372288216e-5,9.753963733980161e-5,0.09018951327504428,0.12012176842166963
75,8neurons/,5.017743704765011e-5,9.942348449397039e-5,0.08797711301537334,0.12096611840636753
76,8neurons/,4.9983366073142874e-5,9.915010941134585e-5,0.08796055895714112,0.12097373507799263
77,8neurons/,5.0969123951395784e-5,9.81572653680925e-5,0.08894791548648848,0.12034627229726014
78,8neurons/,5.102440103426549e-5,9.806554992799586e-5,0.08901646529672833,0.12029722873271399
79,8neurons/,5.093145152441385e-5,9.810069454690458e-5,0.08892469356083343,0.12028708170579357
80,8neurons/,5.0941309359905435e-5,9.806273916832708e-5,0.08894399379619154,0.1202767621336311
81,8neurons/,5.096024224583772e-5,9.80133867161836e-5,0.08895453730851122,0.12022942078140408
82,8neurons/,5.246078232733616e-5,9.506438816698843e-5,0.08917289904155538,0.1171565092961669
83,8neurons/,5.230078155909083e-5,9.429502938528184e-5,0.08835897650017635,0.11608976186732535
84,8neurons/,5.191767107537124e-5,9.38716429326148e-5,0.0875381130497424,0.11551937508681707
85,8neurons/,5.190446961684324e-5,9.387809113522435e-5,0.08754112642550488,0.11553514467164637
86,8neurons/,5.1932674400773064e-5,9.388386341123531e-5,0.08758384610106784,0.11554928374663515
87,8neurons/,5.194404505690108e-5,9.381281904088125e-5,0.08754608012449053,0.1154833277885143
88,8neurons/,5.19898234787894e-5,9.37720190080104e-5,0.08756586376773678,0.1154472045438522
89,8neurons/,5.2004309066346706e-5,9.37617745728781e-5,0.08757493261203186,0.11543843601514574
90,8neurons/,5.201954661564998e-5,9.375143434990147e-5,0.08758311523236607,0.11542983786020636
91,8neurons/,5.203468406724972e-5,9.374139888491377e-5,0.08759302562851946,0.1154203287074445
92,8neurons/,5.205234660398119e-5,9.37334297637985e-5,0.08760417478959866,0.11541294221243623
93,8neurons/,5.205234660398119e-5,9.37334297637985e-5,0.08760417478959866,0.11541294221243623
94,8neurons/,5.205234660398119e-5,9.37334297637985e-5,0.08760417478959866,0.11541294221243623
95,8neurons/,5.204575695388196e-5,9.373531374738229e-5,0.08760069159086892,0.11541466163378855
96,8neurons/,4.717521946493759e-5,9.808818887949336e-5,0.08453441300376877,0.11928170763538726
97,8neurons/,4.82569972251056e-5,9.681605095494286e-5,0.08520115567650895,0.11808033983380971
98,8neurons/,4.8422103435741334e-5,9.65215207093012e-5,0.08518656047280845,0.11778937794569168
99,8neurons/,4.8939524911839025e-5,9.548479737304953e-5,0.08489313643763476,0.11669974219255712
100,8neurons/,4.9087362512370294e-5,9.503333888465667e-5,0.08456473359002596,0.1161447835123989
101,8neurons/,4.926112165926614e-5,9.492301233980836e-5,0.08475278356803426,0.11608194662601885
102,8neurons/,4.956311195550668e-5,9.467671717631287e-5,0.08496782942457724,0.1158793348911886
103,8neurons/,4.9578539995718014e-5,9.46335870751038e-5,0.08492960142085633,0.11582254913850322
104,8neurons/,4.9606352845150944e-5,9.459655939176675e-5,0.08492685603642025,0.11578194866901559
105,8neurons/,4.962539374889763e-5,9.457124322368964e-5,0.08492467272252474,0.1157553401469197
106,8neurons/,4.9629712962494397e-5,9.456737680495119e-5,0.08492616862944773,0.11575115534153145
107,8neurons/,4.962974523843861e-5,9.456731591946846e-5,0.08492617645349708,0.11575109384022467
108,8neurons/,4.962974523843861e-5,9.456731591946846e-5,0.08492617645349708,0.11575109384022467
109,8neurons/,4.962974523843861e-5,9.456731591946846e-5,0.08492617645349708,0.11575109384022467
110,8neurons/,4.9616585295334836e-5,9.457757314597557e-5,0.08491737249379268,0.1157600642392895
111,8neurons/,4.941866257625977e-5,9.480597985092484e-5,0.08478809435178163,0.11593538828075993
112,8neurons/,4.877197925049733e-5,9.544833932166175e-5,0.08433427098896966,0.11642853437433374
113,8neurons/,4.609826219244239e-5,9.821957591557237e-5,0.08229679003155314,0.11859704250519709
114,8neurons/,4.526187910922841e-5,9.877562089109371e-5,0.0815066516430208,0.11915186202017367
115,8neurons/,4.540254832884509e-5,9.850170633538462e-5,0.08116341992353375,0.11872485735548476
116,8neurons/,4.5374853732521394e-5,9.834300238492143e-5,0.08105427797923834,0.11862909115067406
117,8neurons/,4.5949674876398137e-5,9.762546864153593e-5,0.08107417066011796,0.11785091748013211
118,8neurons/,4.6789947517333984e-5,9.66588664067773e-5,0.08104508546917231,0.11681946375163794
119,8neurons/,4.72338607992262e-5,9.612146793517106e-5,0.08078224393079073,0.11631928360874469
120,8neurons/,4.762343157209494e-5,9.57440136385376e-5,0.08113471520728847,0.11591539715989177
121,8neurons/,4.7639220544921575e-5,9.572767170957041e-5,0.08114543470834844,0.11589767080530804
122,8neurons/,4.769812460016774e-5,9.567241833175047e-5,0.08120089711567526,0.1158400184630408
123,8neurons/,4.769800740740372e-5,9.567242030189928e-5,0.08120076412338813,0.11584001994561002
124,8neurons/,4.7802986176208784e-5,9.557447271904552e-5,0.08129893098657504,0.11573891524242752
125,8neurons/,4.7811619065608184e-5,9.556840929757237e-5,0.08131248578762168,0.11573149050720033
126,8neurons/,4.7811196657095976e-5,9.556813314621255e-5,0.0813147218794449,0.11573189713952008
127,8neurons/,4.7803888765262865e-5,9.557774749995246e-5,0.08131999728023472,0.11574209992049751
128,8neurons/,4.7803705023429593e-5,9.557812693684663e-5,0.08131986877184318,0.11574235729719935
129,8neurons/,4.779532592670516e-5,9.558662497163293e-5,0.08132097220580235,0.11574978322914377
130,8neurons/,4.779532592676326e-5,9.558662354704262e-5,0.08132097220580235,0.11574975831184987
131,8neurons/,4.779532592676326e-5,9.558662354704262e-5,0.08132097220580235,0.11574975831184987
132,8neurons/,4.779532592676326e-5,9.558662354704262e-5,0.08132097220580235,0.11574975831184987
133,8neurons/,4.779532471473558e-5,9.558662216261334e-5,0.081320968742284,0.11574977308523704
134,8neurons/,4.681338191406439e-5,9.656172195264411e-5,0.0806107650280705,0.11676163489333975
135,8neurons/,4.580800975809585e-5,9.763418964999083e-5,0.0798335512050359,0.11790015451706168
136,8neurons/,4.6249388441799834e-5,9.714879891771055e-5,0.0801350905220841,0.11739249833894803
137,8neurons/,4.649786490987894e-5,9.687950610550544e-5,0.08022085052753175,0.11712600041932054
138,8neurons/,4.725903299071644e-5,9.610829232446853e-5,0.08021737254899715,0.11638490468578433
139,8neurons/,4.8116726855157366e-5,9.531718979490563e-5,0.08003436937147332,0.11568519642182569
140,8neurons/,4.9254320377161506e-5,9.445707498889394e-5,0.07960342577865762,0.1150022735750784
141,8neurons/,5.004771802188115e-5,9.400336260414039e-5,0.07925174816328212,0.11471770971257955
142,8neurons/,5.005827969058161e-5,9.401602584379465e-5,0.07920602804250929,0.11474838583996413
143,8neurons/,4.980987130654275e-5,9.424588318319359e-5,0.07910722521232176,0.1149720866923271
144,8neurons/,4.874836687282623e-5,9.530245133633693e-5,0.07857652117319137,0.1160401556975105
145,8neurons/,4.824732132985494e-5,9.58008257775198e-5,0.07834223410623474,0.11654128261189291
146,8neurons/,4.824732132985494e-5,9.58008257775198e-5,0.07834223410623474,0.11654128261189291
147,8neurons/,4.824732132985494e-5,9.58008257775198e-5,0.07834223410623474,0.11654128261189291
148,8neurons/,4.824732132985494e-5,9.58008257775198e-5,0.07834223410623474,0.11654128261189291
149,8neurons/,4.825511014272334e-5,9.57906515376714e-5,0.07834700476533403,0.11653058298184309
150,8neurons/,4.835569346993246e-5,9.567994668908666e-5,0.07842267343713681,0.11640930772221315
151,8neurons/,4.8517586050999094e-5,9.550330324140267e-5,0.07854224643281668,0.11621527001457531
152,8neurons/,5.102529430780549e-5,9.276221777555863e-5,0.08041389500766541,0.1133024544601727
153,8neurons/,5.9696945594822305e-5,8.392893166289115e-5,0.08747379060420807,0.10449258298038909
154,8neurons/,5.833045844282352e-5,8.515981567857169e-5,0.0863621842095507,0.10566635435143001
155,8neurons/,5.7683436341255374e-5,8.577200386541209e-5,0.08583290912650836,0.10625503637409733
156,8neurons/,5.772820062578996e-5,8.572673759942521e-5,0.08588635360072693,0.10621269735617309
157,8neurons/,5.7537354920246995e-5,8.59133006775832e-5,0.0858062749359164,0.10639076688778278
158,8neurons/,5.737628833265347e-5,8.607169011046406e-5,0.08569867932115457,0.106541764895156
159,8neurons/,5.7172124967550476e-5,8.627625151654263e-5,0.08559033439709286,0.10673594743945974
160,8neurons/,5.712944993703916e-5,8.63180884211179e-5,0.08556365850962266,0.10677582656893089
161,8neurons/,5.7110830551522096e-5,8.633695743745704e-5,0.08556815637871723,0.10679329273069736
162,8neurons/,5.7071575188243934e-5,8.637589331211109e-5,0.08555704620846417,0.1068295207871392
163,8neurons/,5.690428574455363e-5,8.6542784402725e-5,0.0854795684655656,0.10698612354570063
164,8neurons/,5.668902675603495e-5,8.675996084254355e-5,0.08537801320999194,0.10719045269310731
165,8neurons/,5.6510988185367145e-5,8.69364186342076e-5,0.08528058915891173,0.10735719981499686
166,8neurons/,5.6293989976361614e-5,8.715207680438854e-5,0.08516429050227768,0.10756127410314688
167,8neurons/,5.6041960451921324e-5,8.740207479124378e-5,0.08503326784039304,0.10779839580487599
168,8neurons/,5.572717206126132e-5,8.771495214194635e-5,0.0848698031931451,0.1080957703366731
169,8neurons/,5.535571556781471e-5,8.808163215483992e-5,0.0846802000242856,0.10844567651442442
170,8neurons/,5.491591446884789e-5,8.85163871988267e-5,0.08446318482439413,0.10886022878141943
171,8neurons/,5.443965629914167e-5,8.898558274007096e-5,0.08423157715054894,0.10931004396346557
172,8neurons/,5.387333805871678e-5,8.954303133126154e-5,0.08396385900948973,0.10984655257461899
173,8neurons/,5.230083059398816e-5,9.109491833592729e-5,0.08323139340683959,0.1113413749675257
174,8neurons/,4.8316331541726455e-5,9.505407462837308e-5,0.0815223559549967,0.1152205542924498
175,8neurons/,4.875932554982323e-5,9.460757719470544e-5,0.08169694552750476,0.11477765627823348
176,8neurons/,4.861831082509118e-5,9.474756471719475e-5,0.08163317892520773,0.11491773188707925
177,8neurons/,4.859131219762551e-5,9.477366340284304e-5,0.0816119315939992,0.1149437721588423
178,8neurons/,4.8554188032920787e-5,9.480791273162103e-5,0.0815836653523996,0.11497873048559243
179,8neurons/,4.851679675779123e-5,9.484381481040553e-5,0.08155611611482404,0.11501514200511324
180,8neurons/,4.846758751728902e-5,9.488974552853668e-5,0.08152073682321716,0.11506314304263851
181,8neurons/,4.8407968575245066e-5,9.494602461039969e-5,0.08147741482425466,0.11512057238621394
182,8neurons/,4.855940213299454e-5,9.47894395198036e-5,0.08151024477311307,0.1149686758738188
183,8neurons/,4.893044696358721e-5,9.440265362733453e-5,0.08156185392279698,0.11460039742902256
184,8neurons/,4.8905172676128984e-5,9.442860361964342e-5,0.08155924747940707,0.11462605418788259
185,8neurons/,4.8905172676128984e-5,9.442860361964342e-5,0.08155924747940707,0.11462605418788259
186,8neurons/,4.8905172676128984e-5,9.442860361964342e-5,0.08155924747940707,0.11462605418788259
187,8neurons/,4.889635502359843e-5,9.443707731350707e-5,0.08155164590238186,0.11463292574901335
188,8neurons/,4.8888741530346855e-5,9.444434738024721e-5,0.0815461318300182,0.11464183808572355
189,8neurons/,4.88886613098014e-5,9.444436971752437e-5,0.08154601389226826,0.11464172025306926
190,8neurons/,4.888775500040214e-5,9.444447516694036e-5,0.08154586364608127,0.11464179900462902
191,8neurons/,4.888756953974996e-5,9.44445816898428e-5,0.08154574520983607,0.11464191861337768
192,8neurons/,4.888599851611792e-5,9.444601928668828e-5,0.08154481106438477,0.11464325161616913
193,8neurons/,4.888599851611792e-5,9.444601928668828e-5,0.08154481106438477,0.11464325161616913
194,8neurons/,4.888599851611792e-5,9.444601928668832e-5,0.08154481106438477,0.11464325161616913
1,8neurons/,7.162744320882634e-5,0.00011902165280813203,0.1001640719419636,0.1427509193515795
2,8neurons/,7.16872150732371e-5,0.00011911090766477569,0.100166185635054,0.14274809578953085
3,8neurons/,7.213471214540917e-5,0.00011948716282590662,0.10023062648089369,0.14249960464206257
4,8neurons/,7.201072475758443e-5,0.00011919384025408385,0.10022489952200304,0.14232863750001043
5,8neurons/,9.478696342087289e-5,0.00015094935604489525,0.1001221756076769,0.1412389827084736
6,8neurons/,8.000315729147132e-5,0.00012555373767362312,0.10020428961082142,0.13705231717857833
7,8neurons/,9.40102160507002e-5,0.00012623591240540228,0.10329161152197508,0.12591792696468876
8,8neurons/,9.320588956547139e-5,0.00011672775883107576,0.10653899730466598,0.12238582125321677
9,8neurons/,8.890880490135813e-5,0.0001139760257862053,0.10652227916595525,0.12210471190334254
10,8neurons/,8.721955614505708e-5,0.00011100522417542529,0.10664479142601246,0.12201124128135378
11,8neurons/,9.629947852746062e-5,0.0001139291850908709,0.10877751881212083,0.12058937126508378
12,8neurons/,8.333368359280028e-5,0.00010131321203588841,0.10754860537849274,0.12139193126075237
13,8neurons/,8.265011393045531e-5,9.782737709873257e-5,0.10807115418292629,0.12106059017367302
14,8neurons/,8.309627110732822e-5,9.411944014613553e-5,0.1089844562981495,0.12047013832935835
15,8neurons/,8.223188713487621e-5,9.480768531214906e-5,0.10857688860517224,0.12073066794161219
16,8neurons/,8.205615664310048e-5,9.466429743751949e-5,0.10855897191139326,0.12073941160758064
17,8neurons/,8.21235665770358e-5,9.453684659758279e-5,0.10861488573483541,0.12069623428535048
18,8neurons/,8.211894115152825e-5,9.471643485703587e-5,0.10857895058188918,0.12071589032277112
19,8neurons/,8.181677486379736e-5,9.459440917405596e-5,0.10851384340128174,0.12075758499774215
20,8neurons/,8.181677486379736e-5,9.459440917405596e-5,0.10851384340128174,0.12075758499774215
21,8neurons/,8.181677486379736e-5,9.459440917405596e-5,0.10851384340128174,0.12075758499774215
22,8neurons/,8.190205472207101e-5,9.471316135374883e-5,0.10851743780054397,0.1207521847155981
23,8neurons/,7.647862021133149e-5,9.461735482841779e-5,0.10593375988985586,0.1206370326321919
24,8neurons/,7.406098168449e-5,9.449794624397101e-5,0.10465876320170826,0.12035095494716964
25,8neurons/,7.406214108228582e-5,9.449720435491339e-5,0.10466030810951565,0.12034959342713358
26,8neurons/,7.408800211163514e-5,9.449438527428863e-5,0.10468142451658555,0.12035107397421975
27,8neurons/,7.412760228416418e-5,9.4491436503202e-5,0.10471374266438803,0.12035420188280913
28,8neurons/,7.412760228416418e-5,9.4491436503202e-5,0.10471374266438803,0.12035420188280913
29,8neurons/,7.412760228416418e-5,9.4491436503202e-5,0.10471374266438803,0.12035420188280913
30,8neurons/,5.7549227336084976e-5,9.900012234974242e-5,0.09493296592549198,0.12282221841264022
31,8neurons/,5.753909997344955e-5,9.899183133940694e-5,0.09493116778152487,0.12282641562602185
32,8neurons/,6.763166648016112e-5,9.521758110013265e-5,0.10108422064326426,0.12033390577832742
33,8neurons/,6.511827746560454e-5,9.574234680347371e-5,0.10007614930983179,0.12043687436780436
34,8neurons/,6.484083381556099e-5,9.581042713706269e-5,0.09995510659111922,0.1204891232522766
35,8neurons/,6.486175142673609e-5,9.580564180705793e-5,0.0999648658045539,0.12048518352757392
36,8neurons/,6.486175142673609e-5,9.580564180705793e-5,0.0999648658045539,0.12048518352757392
37,8neurons/,6.486175142673609e-5,9.580564180705793e-5,0.0999648658045539,0.12048518352757392
38,8neurons/,6.486175142673609e-5,9.580564180705793e-5,0.0999648658045539,0.12048518352757392
39,8neurons/,6.486460816912045e-5,9.584450263221616e-5,0.0999556413958037,0.12049438533302788
40,8neurons/,5.942719630755674e-5,9.791835947977168e-5,0.09647422094677915,0.12223574411109518
41,8neurons/,5.6525930139924004e-5,9.956287553874298e-5,0.09407488442468394,0.12311202525079172
42,8neurons/,5.76162111494981e-5,9.884456694913814e-5,0.09499815556609492,0.122711746474599
43,8neurons/,5.756501679727188e-5,9.884200061427254e-5,0.0949489472874488,0.1226897871529746
44,8neurons/,5.7304534031010384e-5,9.892784755135993e-5,0.09448034117447125,0.1221791800284105
45,8neurons/,5.275846485942437e-5,9.658220267735e-5,0.09048780946915826,0.11932330908518717
46,8neurons/,5.5912752738178364e-5,9.57956772982442e-5,0.0932181625765847,0.11931594104371546
47,8neurons/,5.732307122724303e-5,9.523486018067521e-5,0.09415303602689595,0.11899300526731106
48,8neurons/,5.735973799999487e-5,9.485729416115562e-5,0.0940228226611148,0.11863514680876316
49,8neurons/,5.760965017155697e-5,9.453367638654333e-5,0.09407181983754295,0.11834086525572417
50,8neurons/,5.771068658069854e-5,9.437716289271938e-5,0.09407409178451767,0.1181940533991844
51,8neurons/,5.771068658069854e-5,9.437716289271938e-5,0.09407409178451767,0.1181940533991844
52,8neurons/,5.771068658069854e-5,9.437716289271938e-5,0.09407409178451767,0.1181940533991844
53,8neurons/,5.762869821882006e-5,9.445904930080115e-5,0.09401331048869163,0.11822281428436082
54,8neurons/,5.041639130992254e-5,9.916264738318105e-5,0.08848051295116341,0.12124384341116613
55,8neurons/,5.1339967938633004e-5,9.819592735658469e-5,0.08943355325155435,0.12062049276613426
56,8neurons/,5.1192510720018265e-5,9.82856845878782e-5,0.08927861294934268,0.1206577740432462
57,8neurons/,4.996139362081422e-5,9.870456859401047e-5,0.08793935524449893,0.12055005532245314
58,8neurons/,4.910184772136913e-5,9.841714183107406e-5,0.08689837881193083,0.1199469775201269
59,8neurons/,4.914872651026789e-5,9.68942579292916e-5,0.08640495765648698,0.11830413029538858
60,8neurons/,5.055393029344676e-5,9.518793896174987e-5,0.08697758429226068,0.11672457652490502
61,8neurons/,5.129735063567385e-5,9.455177515170237e-5,0.08736404897647482,0.11615438799751757
62,8neurons/,5.1954699210167234e-5,9.392802267629885e-5,0.0876410818974129,0.11559182844295282
63,8neurons/,5.2075938747773274e-5,9.376329005937714e-5,0.0876524609026923,0.11543976715771521
64,8neurons/,5.210853720269063e-5,9.363653857085321e-5,0.08759391764747836,0.11531922466858303
65,8neurons/,5.209202298710582e-5,9.368877767041789e-5,0.08761801931570758,0.11537172497942036
66,8neurons/,5.209323789989187e-5,9.36992657099278e-5,0.08762686412969371,0.11538196669703599
67,8neurons/,5.2091870227120365e-5,9.371329174254796e-5,0.08763509643249644,0.11539470917203933
68,8neurons/,5.209415281515902e-5,9.370319898210943e-5,0.08762969150110088,0.11538534385648326
69,8neurons/,5.209601127106459e-5,9.370161616371307e-5,0.0876306552948677,0.1153841614075266
70,8neurons/,5.209601127106459e-5,9.370161616371307e-5,0.0876306552948677,0.1153841614075266
71,8neurons/,5.209601127106459e-5,9.370161616371307e-5,0.0876306552948677,0.1153841614075266
72,8neurons/,5.209601127106459e-5,9.370161616371307e-5,0.0876306552948677,0.1153841614075266
73,8neurons/,5.209016437078917e-5,9.370491514451062e-5,0.08762705769178321,0.11538791854149082
74,8neurons/,5.2085114812779306e-5,9.370885208859003e-5,0.08762425129036538,0.11539163687056976
75,8neurons/,5.1865740936866006e-5,9.391148771221163e-5,0.0874763350317806,0.1155280931520948
76,8neurons/,5.098480785917852e-5,9.458045155225042e-5,0.08692965270674351,0.11609431485963101
77,8neurons/,4.795058546139244e-5,9.72201030026898e-5,0.08506663747514065,0.11845732579034744
78,8neurons/,4.774418098092149e-5,9.74176626743134e-5,0.0849203885416333,0.11864459909098461
79,8neurons/,4.7825631828685526e-5,9.731413799991438e-5,0.08495752787005813,0.11854453128285407
80,8neurons/,4.794326043397638e-5,9.721119796818121e-5,0.08499263334406215,0.11841411332917277
81,8neurons/,4.834455949199399e-5,9.659004205583059e-5,0.0851081739575611,0.11784047100232058
82,8neurons/,4.9268930997087816e-5,9.505959301603572e-5,0.08492998800786176,0.11626420920795838
83,8neurons/,4.941522001631188e-5,9.473438446653325e-5,0.08475481826225378,0.11588029632046583
84,8neurons/,4.942314241291652e-5,9.475530376355008e-5,0.08480960153117337,0.11591831514271743
85,8neurons/,4.9446915250829316e-5,9.475748442124055e-5,0.08486121184929842,0.1159342998424418
86,8neurons/,4.946006009029037e-5,9.473550656177874e-5,0.0848534507407395,0.11590869403385806
87,8neurons/,4.9510810543841604e-5,9.468736175300312e-5,0.08487840427798726,0.11586534438760954
88,8neurons/,4.952218579870465e-5,9.467435173672705e-5,0.08488054485150086,0.11585203205820659
89,8neurons/,4.9615850707958266e-5,9.458071165596295e-5,0.08491917938504377,0.11576322606086159
90,8neurons/,4.9640658119760734e-5,9.455527254665228e-5,0.08492839276573189,0.11573834667108747
91,8neurons/,4.9642565337313994e-5,9.45536665863275e-5,0.08493020269202702,0.11573767278459812
92,8neurons/,4.964255625347647e-5,9.455364462043974e-5,0.08493020024496399,0.11573766671744086
93,8neurons/,4.961691033816812e-5,9.457850304556007e-5,0.08491885164717887,0.11576113993701319
94,8neurons/,4.9616901606214906e-5,9.457850304556008e-5,0.08491885171818375,0.11576113994676221
95,8neurons/,4.9616901606214906e-5,9.457850304556008e-5,0.08491885171818375,0.11576113994676221
96,8neurons/,4.9616901606214906e-5,9.457850304556008e-5,0.08491885171818375,0.11576113994676221
97,8neurons/,4.9616901606214906e-5,9.457850304556008e-5,0.08491885171818375,0.11576113994676221
98,8neurons/,4.95918127668069e-5,9.461587857445164e-5,0.08490375614527632,0.11578830739386813
99,8neurons/,4.7871097344551686e-5,9.619259466449182e-5,0.08384318991357712,0.11714092085475233
100,8neurons/,4.590370937277258e-5,9.825809692948695e-5,0.08251285977380801,0.11893167355356324
101,8neurons/,4.565126570847216e-5,9.854811030530938e-5,0.08232598950681878,0.11919023790141335
102,8neurons/,4.560667220410023e-5,9.858937148664532e-5,0.0822747766161673,0.11921527690933638
103,8neurons/,4.555529447745945e-5,9.863992494289594e-5,0.08221934189126602,0.11924972261313697
104,8neurons/,4.594508947497168e-5,9.785751146818694e-5,0.0819383503236099,0.11830348829083617
105,8neurons/,4.6787504945946355e-5,9.659799113670934e-5,0.0802433349676598,0.11683719222112754
106,8neurons/,4.6792660722133285e-5,9.662848111978774e-5,0.08085140832090625,0.11678765768133292
107,8neurons/,4.697085760778347e-5,9.644712742419989e-5,0.08098239089535048,0.11660700861416344
108,8neurons/,4.7340320217989885e-5,9.605521976567437e-5,0.08112292248031301,0.11621539444607928
109,8neurons/,4.758256441282541e-5,9.5806752652841e-5,0.08123284771363744,0.11596909699028558
110,8neurons/,4.7680674413152254e-5,9.57068602038062e-5,0.08128367776965126,0.11586877189354729
111,8neurons/,4.768094458155852e-5,9.57065247112228e-5,0.08128385050351086,0.11586845532513856
112,8neurons/,4.778781654641932e-5,9.559561996828086e-5,0.08131768139308586,0.11575865123316148
113,8neurons/,4.780309377495994e-5,9.557990898968922e-5,0.08132535248350624,0.11574276596824747
114,8neurons/,4.781062816615981e-5,9.557204120071371e-5,0.08132833027582163,0.11573462518651742
115,8neurons/,4.780639687369885e-5,9.557631757435616e-5,0.08132578385273423,0.1157390877851975
116,8neurons/,4.7806379822601366e-5,9.557632065107833e-5,0.08132578363925612,0.11573908775965415
117,8neurons/,4.780626572615545e-5,9.557633148876041e-5,0.08132568968888589,0.11573916185340616
118,8neurons/,4.780626572615545e-5,9.557633148876041e-5,0.08132568968888589,0.11573916185340616
119,8neurons/,4.780626572615545e-5,9.557633148876041e-5,0.08132568968888589,0.11573916185340616
120,8neurons/,4.780626572615545e-5,9.557633148876041e-5,0.08132568968888589,0.11573916185340616
121,8neurons/,4.780626572615545e-5,9.557633148876041e-5,0.08132568968888589,0.11573916185340616
122,8neurons/,4.7805448629976546e-5,9.557707139270579e-5,0.0813251055969671,0.11574072903720849
123,8neurons/,4.778040831224126e-5,9.56007986738509e-5,0.08130656869944031,0.11576453763158048
124,8neurons/,4.7781850534736976e-5,9.559950374583162e-5,0.08130754808578873,0.11576327152965907
125,8neurons/,4.780122307666741e-5,9.557930658442941e-5,0.08131964435667355,0.1157423009384721
126,8neurons/,4.781297676380051e-5,9.556841589007318e-5,0.08132873149241557,0.11573127955316707
127,8neurons/,4.781297676380051e-5,9.556842373596376e-5,0.08132873281263629,0.11573127975607532
128,8neurons/,4.781297676380051e-5,9.556842373596376e-5,0.08132873281263629,0.11573127975607532
129,8neurons/,4.781297676380051e-5,9.556842373596376e-5,0.08132873281263629,0.11573127975607532
130,8neurons/,4.781297676380051e-5,9.556842373596376e-5,0.08132873281263629,0.11573127975607532
131,8neurons/,4.781314416441562e-5,9.556803847188684e-5,0.08132855277294927,0.11573119190523619
132,8neurons/,4.78131403649205e-5,9.556802667802233e-5,0.08132855228249727,0.11573119205522565
133,8neurons/,4.78131403649205e-5,9.556802667802233e-5,0.08132855228249727,0.11573119205522565
134,8neurons/,4.78131403649205e-5,9.556802667802233e-5,0.08132855228249727,0.11573119205522565
1,16neurons/,7.162744320882634e-5,0.00011902165280813203,0.1001640719419636,0.1427509193515795
2,16neurons/,7.16872150732371e-5,0.00011911090766477569,0.100166185635054,0.14274809578953085
3,16neurons/,7.213471214540917e-5,0.00011948716282590662,0.10023062648089369,0.14249960464206257
4,16neurons/,7.201072475758443e-5,0.00011919384025408385,0.10022489952200304,0.14232863750001043
5,16neurons/,9.478696342087289e-5,0.00015094935604489525,0.1001221756076769,0.1412389827084736
6,16neurons/,8.000315729147132e-5,0.00012555373767362312,0.10020428961082142,0.13705231717857833
7,16neurons/,9.40102160507002e-5,0.00012623591240540228,0.10329161152197508,0.12591792696468876
8,16neurons/,9.320588956547139e-5,0.00011672775883107576,0.10653899730466598,0.12238582125321677
9,16neurons/,8.890880490135813e-5,0.0001139760257862053,0.10652227916595525,0.12210471190334254
10,16neurons/,8.721955614505708e-5,0.00011100522417542529,0.10664479142601246,0.12201124128135378
11,16neurons/,9.629947852746062e-5,0.0001139291850908709,0.10877751881212083,0.12058937126508378
12,16neurons/,8.333368359280028e-5,0.00010131321203588841,0.10754860537849274,0.12139193126075237
13,16neurons/,8.265011393045531e-5,9.782737709873257e-5,0.10807115418292629,0.12106059017367302
14,16neurons/,8.309627110732822e-5,9.411944014613553e-5,0.1089844562981495,0.12047013832935835
15,16neurons/,8.223188713487621e-5,9.480768531214906e-5,0.10857688860517224,0.12073066794161219
16,16neurons/,8.205615664310048e-5,9.466429743751949e-5,0.10855897191139326,0.12073941160758064
17,16neurons/,8.21235665770358e-5,9.453684659758279e-5,0.10861488573483541,0.12069623428535048
18,16neurons/,8.211894115152825e-5,9.471643485703587e-5,0.10857895058188918,0.12071589032277112
19,16neurons/,8.181677486379736e-5,9.459440917405596e-5,0.10851384340128174,0.12075758499774215
20,16neurons/,8.181677486379736e-5,9.459440917405596e-5,0.10851384340128174,0.12075758499774215
21,16neurons/,8.181677486379736e-5,9.459440917405596e-5,0.10851384340128174,0.12075758499774215
22,16neurons/,8.190205472207101e-5,9.471316135374883e-5,0.10851743780054397,0.1207521847155981
23,16neurons/,7.647862021133149e-5,9.461735482841779e-5,0.10593375988985586,0.1206370326321919
24,16neurons/,7.406098168449e-5,9.449794624397101e-5,0.10465876320170826,0.12035095494716964
25,16neurons/,7.406214108228582e-5,9.449720435491339e-5,0.10466030810951565,0.12034959342713358
26,16neurons/,7.408800211163514e-5,9.449438527428863e-5,0.10468142451658555,0.12035107397421975
27,16neurons/,7.412760228416418e-5,9.4491436503202e-5,0.10471374266438803,0.12035420188280913
28,16neurons/,7.412760228416418e-5,9.4491436503202e-5,0.10471374266438803,0.12035420188280913
29,16neurons/,7.412760228416418e-5,9.4491436503202e-5,0.10471374266438803,0.12035420188280913
30,16neurons/,5.7549227336084976e-5,9.900012234974242e-5,0.09493296592549198,0.12282221841264022
31,16neurons/,5.753909997344955e-5,9.899183133940694e-5,0.09493116778152487,0.12282641562602185
32,16neurons/,6.763166648016112e-5,9.521758110013265e-5,0.10108422064326426,0.12033390577832742
33,16neurons/,6.511827746560454e-5,9.574234680347371e-5,0.10007614930983179,0.12043687436780436
34,16neurons/,6.484083381556099e-5,9.581042713706269e-5,0.09995510659111922,0.1204891232522766
35,16neurons/,6.486175142673609e-5,9.580564180705793e-5,0.0999648658045539,0.12048518352757392
36,16neurons/,6.486175142673609e-5,9.580564180705793e-5,0.0999648658045539,0.12048518352757392
37,16neurons/,6.486175142673609e-5,9.580564180705793e-5,0.0999648658045539,0.12048518352757392
38,16neurons/,6.486175142673609e-5,9.580564180705793e-5,0.0999648658045539,0.12048518352757392
39,16neurons/,6.486460816912045e-5,9.584450263221616e-5,0.0999556413958037,0.12049438533302788
40,16neurons/,5.942719630755674e-5,9.791835947977168e-5,0.09647422094677915,0.12223574411109518
41,16neurons/,5.6525930139924004e-5,9.956287553874298e-5,0.09407488442468394,0.12311202525079172
42,16neurons/,5.76162111494981e-5,9.884456694913814e-5,0.09499815556609492,0.122711746474599
43,16neurons/,5.756501679727188e-5,9.884200061427254e-5,0.0949489472874488,0.1226897871529746
44,16neurons/,5.7304534031010384e-5,9.892784755135993e-5,0.09448034117447125,0.1221791800284105
45,16neurons/,5.275846485942437e-5,9.658220267735e-5,0.09048780946915826,0.11932330908518717
46,16neurons/,5.5912752738178364e-5,9.57956772982442e-5,0.0932181625765847,0.11931594104371546
47,16neurons/,5.732307122724303e-5,9.523486018067521e-5,0.09415303602689595,0.11899300526731106
48,16neurons/,5.735973799999487e-5,9.485729416115562e-5,0.0940228226611148,0.11863514680876316
49,16neurons/,5.760965017155697e-5,9.453367638654333e-5,0.09407181983754295,0.11834086525572417
50,16neurons/,5.771068658069854e-5,9.437716289271938e-5,0.09407409178451767,0.1181940533991844
51,16neurons/,5.771068658069854e-5,9.437716289271938e-5,0.09407409178451767,0.1181940533991844
52,16neurons/,5.771068658069854e-5,9.437716289271938e-5,0.09407409178451767,0.1181940533991844
53,16neurons/,5.762869821882006e-5,9.445904930080115e-5,0.09401331048869163,0.11822281428436082
54,16neurons/,5.041639130992254e-5,9.916264738318105e-5,0.08848051295116341,0.12124384341116613
55,16neurons/,5.1339967938633004e-5,9.819592735658469e-5,0.08943355325155435,0.12062049276613426
56,16neurons/,5.1192510720018265e-5,9.82856845878782e-5,0.08927861294934268,0.1206577740432462
57,16neurons/,4.996139362081422e-5,9.870456859401047e-5,0.08793935524449893,0.12055005532245314
58,16neurons/,4.910184772136913e-5,9.841714183107406e-5,0.08689837881193083,0.1199469775201269
59,16neurons/,4.914872651026789e-5,9.68942579292916e-5,0.08640495765648698,0.11830413029538858
60,16neurons/,5.055393029344676e-5,9.518793896174987e-5,0.08697758429226068,0.11672457652490502
61,16neurons/,5.129735063567385e-5,9.455177515170237e-5,0.08736404897647482,0.11615438799751757
62,16neurons/,5.1954699210167234e-5,9.392802267629885e-5,0.0876410818974129,0.11559182844295282
63,16neurons/,5.2075938747773274e-5,9.376329005937714e-5,0.0876524609026923,0.11543976715771521
64,16neurons/,5.210853720269063e-5,9.363653857085321e-5,0.08759391764747836,0.11531922466858303
65,16neurons/,5.209202298710582e-5,9.368877767041789e-5,0.08761801931570758,0.11537172497942036
66,16neurons/,5.209323789989187e-5,9.36992657099278e-5,0.08762686412969371,0.11538196669703599
67,16neurons/,5.2091870227120365e-5,9.371329174254796e-5,0.08763509643249644,0.11539470917203933
68,16neurons/,5.209415281515902e-5,9.370319898210943e-5,0.08762969150110088,0.11538534385648326
69,16neurons/,5.209601127106459e-5,9.370161616371307e-5,0.0876306552948677,0.1153841614075266
70,16neurons/,5.209601127106459e-5,9.370161616371307e-5,0.0876306552948677,0.1153841614075266
71,16neurons/,5.209601127106459e-5,9.370161616371307e-5,0.0876306552948677,0.1153841614075266
72,16neurons/,5.209601127106459e-5,9.370161616371307e-5,0.0876306552948677,0.1153841614075266
73,16neurons/,5.209016437078917e-5,9.370491514451062e-5,0.08762705769178321,0.11538791854149082
74,16neurons/,5.2085114812779306e-5,9.370885208859003e-5,0.08762425129036538,0.11539163687056976
75,16neurons/,5.1865740936866006e-5,9.391148771221163e-5,0.0874763350317806,0.1155280931520948
76,16neurons/,5.098480785917852e-5,9.458045155225042e-5,0.08692965270674351,0.11609431485963101
77,16neurons/,4.795058546139244e-5,9.72201030026898e-5,0.08506663747514065,0.11845732579034744
78,16neurons/,4.774418098092149e-5,9.74176626743134e-5,0.0849203885416333,0.11864459909098461
79,16neurons/,4.7825631828685526e-5,9.731413799991438e-5,0.08495752787005813,0.11854453128285407
80,16neurons/,4.794326043397638e-5,9.721119796818121e-5,0.08499263334406215,0.11841411332917277
81,16neurons/,4.834455949199399e-5,9.659004205583059e-5,0.0851081739575611,0.11784047100232058
82,16neurons/,4.9268930997087816e-5,9.505959301603572e-5,0.08492998800786176,0.11626420920795838
83,16neurons/,4.941522001631188e-5,9.473438446653325e-5,0.08475481826225378,0.11588029632046583
84,16neurons/,4.942314241291652e-5,9.475530376355008e-5,0.08480960153117337,0.11591831514271743
85,16neurons/,4.9446915250829316e-5,9.475748442124055e-5,0.08486121184929842,0.1159342998424418
86,16neurons/,4.946006009029037e-5,9.473550656177874e-5,0.0848534507407395,0.11590869403385806
87,16neurons/,4.9510810543841604e-5,9.468736175300312e-5,0.08487840427798726,0.11586534438760954
88,16neurons/,4.952218579870465e-5,9.467435173672705e-5,0.08488054485150086,0.11585203205820659
89,16neurons/,4.9615850707958266e-5,9.458071165596295e-5,0.08491917938504377,0.11576322606086159
90,16neurons/,4.9640658119760734e-5,9.455527254665228e-5,0.08492839276573189,0.11573834667108747
91,16neurons/,4.9642565337313994e-5,9.45536665863275e-5,0.08493020269202702,0.11573767278459812
92,16neurons/,4.964255625347647e-5,9.455364462043974e-5,0.08493020024496399,0.11573766671744086
93,16neurons/,4.961691033816812e-5,9.457850304556007e-5,0.08491885164717887,0.11576113993701319
94,16neurons/,4.9616901606214906e-5,9.457850304556008e-5,0.08491885171818375,0.11576113994676221
95,16neurons/,4.9616901606214906e-5,9.457850304556008e-5,0.08491885171818375,0.11576113994676221
96,16neurons/,4.9616901606214906e-5,9.457850304556008e-5,0.08491885171818375,0.11576113994676221
97,16neurons/,4.9616901606214906e-5,9.457850304556008e-5,0.08491885171818375,0.11576113994676221
98,16neurons/,4.95918127668069e-5,9.461587857445164e-5,0.08490375614527632,0.11578830739386813
99,16neurons/,4.7871097344551686e-5,9.619259466449182e-5,0.08384318991357712,0.11714092085475233
100,16neurons/,4.590370937277258e-5,9.825809692948695e-5,0.08251285977380801,0.11893167355356324
101,16neurons/,4.565126570847216e-5,9.854811030530938e-5,0.08232598950681878,0.11919023790141335
102,16neurons/,4.560667220410023e-5,9.858937148664532e-5,0.0822747766161673,0.11921527690933638
103,16neurons/,4.555529447745945e-5,9.863992494289594e-5,0.08221934189126602,0.11924972261313697
104,16neurons/,4.594508947497168e-5,9.785751146818694e-5,0.0819383503236099,0.11830348829083617
105,16neurons/,4.6787504945946355e-5,9.659799113670934e-5,0.0802433349676598,0.11683719222112754
106,16neurons/,4.6792660722133285e-5,9.662848111978774e-5,0.08085140832090625,0.11678765768133292
107,16neurons/,4.697085760778347e-5,9.644712742419989e-5,0.08098239089535048,0.11660700861416344
108,16neurons/,4.7340320217989885e-5,9.605521976567437e-5,0.08112292248031301,0.11621539444607928
109,16neurons/,4.758256441282541e-5,9.5806752652841e-5,0.08123284771363744,0.11596909699028558
110,16neurons/,4.7680674413152254e-5,9.57068602038062e-5,0.08128367776965126,0.11586877189354729
111,16neurons/,4.768094458155852e-5,9.57065247112228e-5,0.08128385050351086,0.11586845532513856
112,16neurons/,4.778781654641932e-5,9.559561996828086e-5,0.08131768139308586,0.11575865123316148
113,16neurons/,4.780309377495994e-5,9.557990898968922e-5,0.08132535248350624,0.11574276596824747
114,16neurons/,4.781062816615981e-5,9.557204120071371e-5,0.08132833027582163,0.11573462518651742
115,16neurons/,4.780639687369885e-5,9.557631757435616e-5,0.08132578385273423,0.1157390877851975
116,16neurons/,4.7806379822601366e-5,9.557632065107833e-5,0.08132578363925612,0.11573908775965415
117,16neurons/,4.780626572615545e-5,9.557633148876041e-5,0.08132568968888589,0.11573916185340616
118,16neurons/,4.780626572615545e-5,9.557633148876041e-5,0.08132568968888589,0.11573916185340616
119,16neurons/,4.780626572615545e-5,9.557633148876041e-5,0.08132568968888589,0.11573916185340616
120,16neurons/,4.780626572615545e-5,9.557633148876041e-5,0.08132568968888589,0.11573916185340616
121,16neurons/,4.780626572615545e-5,9.557633148876041e-5,0.08132568968888589,0.11573916185340616
122,16neurons/,4.7805448629976546e-5,9.557707139270579e-5,0.0813251055969671,0.11574072903720849
123,16neurons/,4.778040831224126e-5,9.56007986738509e-5,0.08130656869944031,0.11576453763158048
124,16neurons/,4.7781850534736976e-5,9.559950374583162e-5,0.08130754808578873,0.11576327152965907
125,16neurons/,4.780122307666741e-5,9.557930658442941e-5,0.08131964435667355,0.1157423009384721
126,16neurons/,4.781297676380051e-5,9.556841589007318e-5,0.08132873149241557,0.11573127955316707
127,16neurons/,4.781297676380051e-5,9.556842373596376e-5,0.08132873281263629,0.11573127975607532
128,16neurons/,4.781297676380051e-5,9.556842373596376e-5,0.08132873281263629,0.11573127975607532
129,16neurons/,4.781297676380051e-5,9.556842373596376e-5,0.08132873281263629,0.11573127975607532
130,16neurons/,4.781297676380051e-5,9.556842373596376e-5,0.08132873281263629,0.11573127975607532
131,16neurons/,4.781314416441562e-5,9.556803847188684e-5,0.08132855277294927,0.11573119190523619
132,16neurons/,4.78131403649205e-5,9.556802667802233e-5,0.08132855228249727,0.11573119205522565
133,16neurons/,4.78131403649205e-5,9.556802667802233e-5,0.08132855228249727,0.11573119205522565
134,16neurons/,4.78131403649205e-5,9.556802667802233e-5,0.08132855228249727,0.11573119205522565
1,32neurons/,7.162744320882634e-5,0.00011902165280813203,0.1001640719419636,0.1427509193515795
2,32neurons/,7.16872150732371e-5,0.00011911090766477569,0.100166185635054,0.14274809578953085
3,32neurons/,7.213471214540917e-5,0.00011948716282590662,0.10023062648089369,0.14249960464206257
4,32neurons/,7.201072475758443e-5,0.00011919384025408385,0.10022489952200304,0.14232863750001043
5,32neurons/,9.478696342087289e-5,0.00015094935604489525,0.1001221756076769,0.1412389827084736
6,32neurons/,8.000315729147132e-5,0.00012555373767362312,0.10020428961082142,0.13705231717857833
7,32neurons/,9.40102160507002e-5,0.00012623591240540228,0.10329161152197508,0.12591792696468876
8,32neurons/,9.320588956547139e-5,0.00011672775883107576,0.10653899730466598,0.12238582125321677
9,32neurons/,8.890880490135813e-5,0.0001139760257862053,0.10652227916595525,0.12210471190334254
10,32neurons/,8.721955614505708e-5,0.00011100522417542529,0.10664479142601246,0.12201124128135378
11,32neurons/,9.629947852746062e-5,0.0001139291850908709,0.10877751881212083,0.12058937126508378
12,32neurons/,8.333368359280028e-5,0.00010131321203588841,0.10754860537849274,0.12139193126075237
13,32neurons/,8.265011393045531e-5,9.782737709873257e-5,0.10807115418292629,0.12106059017367302
14,32neurons/,8.309627110732822e-5,9.411944014613553e-5,0.1089844562981495,0.12047013832935835
15,32neurons/,8.223188713487621e-5,9.480768531214906e-5,0.10857688860517224,0.12073066794161219
16,32neurons/,8.205615664310048e-5,9.466429743751949e-5,0.10855897191139326,0.12073941160758064
17,32neurons/,8.21235665770358e-5,9.453684659758279e-5,0.10861488573483541,0.12069623428535048
18,32neurons/,8.211894115152825e-5,9.471643485703587e-5,0.10857895058188918,0.12071589032277112
19,32neurons/,8.181677486379736e-5,9.459440917405596e-5,0.10851384340128174,0.12075758499774215
20,32neurons/,8.181677486379736e-5,9.459440917405596e-5,0.10851384340128174,0.12075758499774215
21,32neurons/,8.181677486379736e-5,9.459440917405596e-5,0.10851384340128174,0.12075758499774215
22,32neurons/,8.190205472207101e-5,9.471316135374883e-5,0.10851743780054397,0.1207521847155981
23,32neurons/,7.647862021133149e-5,9.461735482841779e-5,0.10593375988985586,0.1206370326321919
24,32neurons/,7.406098168449e-5,9.449794624397101e-5,0.10465876320170826,0.12035095494716964
25,32neurons/,7.406214108228582e-5,9.449720435491339e-5,0.10466030810951565,0.12034959342713358
26,32neurons/,7.408800211163514e-5,9.449438527428863e-5,0.10468142451658555,0.12035107397421975
27,32neurons/,7.412760228416418e-5,9.4491436503202e-5,0.10471374266438803,0.12035420188280913
28,32neurons/,7.412760228416418e-5,9.4491436503202e-5,0.10471374266438803,0.12035420188280913
29,32neurons/,7.412760228416418e-5,9.4491436503202e-5,0.10471374266438803,0.12035420188280913
30,32neurons/,5.7549227336084976e-5,9.900012234974242e-5,0.09493296592549198,0.12282221841264022
31,32neurons/,5.753909997344955e-5,9.899183133940694e-5,0.09493116778152487,0.12282641562602185
32,32neurons/,6.763166648016112e-5,9.521758110013265e-5,0.10108422064326426,0.12033390577832742
33,32neurons/,6.511827746560454e-5,9.574234680347371e-5,0.10007614930983179,0.12043687436780436
34,32neurons/,6.484083381556099e-5,9.581042713706269e-5,0.09995510659111922,0.1204891232522766
35,32neurons/,6.486175142673609e-5,9.580564180705793e-5,0.0999648658045539,0.12048518352757392
36,32neurons/,6.486175142673609e-5,9.580564180705793e-5,0.0999648658045539,0.12048518352757392
37,32neurons/,6.486175142673609e-5,9.580564180705793e-5,0.0999648658045539,0.12048518352757392
38,32neurons/,6.486175142673609e-5,9.580564180705793e-5,0.0999648658045539,0.12048518352757392
39,32neurons/,6.486460816912045e-5,9.584450263221616e-5,0.0999556413958037,0.12049438533302788
40,32neurons/,5.942719630755674e-5,9.791835947977168e-5,0.09647422094677915,0.12223574411109518
41,32neurons/,5.6525930139924004e-5,9.956287553874298e-5,0.09407488442468394,0.12311202525079172
42,32neurons/,5.76162111494981e-5,9.884456694913814e-5,0.09499815556609492,0.122711746474599
43,32neurons/,5.756501679727188e-5,9.884200061427254e-5,0.0949489472874488,0.1226897871529746
44,32neurons/,5.7304534031010384e-5,9.892784755135993e-5,0.09448034117447125,0.1221791800284105
45,32neurons/,5.275846485942437e-5,9.658220267735e-5,0.09048780946915826,0.11932330908518717
46,32neurons/,5.5912752738178364e-5,9.57956772982442e-5,0.0932181625765847,0.11931594104371546
47,32neurons/,5.732307122724303e-5,9.523486018067521e-5,0.09415303602689595,0.11899300526731106
48,32neurons/,5.735973799999487e-5,9.485729416115562e-5,0.0940228226611148,0.11863514680876316
49,32neurons/,5.760965017155697e-5,9.453367638654333e-5,0.09407181983754295,0.11834086525572417
50,32neurons/,5.771068658069854e-5,9.437716289271938e-5,0.09407409178451767,0.1181940533991844
51,32neurons/,5.771068658069854e-5,9.437716289271938e-5,0.09407409178451767,0.1181940533991844
52,32neurons/,5.771068658069854e-5,9.437716289271938e-5,0.09407409178451767,0.1181940533991844
53,32neurons/,5.762869821882006e-5,9.445904930080115e-5,0.09401331048869163,0.11822281428436082
54,32neurons/,5.041639130992254e-5,9.916264738318105e-5,0.08848051295116341,0.12124384341116613
55,32neurons/,5.1339967938633004e-5,9.819592735658469e-5,0.08943355325155435,0.12062049276613426
56,32neurons/,5.1192510720018265e-5,9.82856845878782e-5,0.08927861294934268,0.1206577740432462
57,32neurons/,4.996139362081422e-5,9.870456859401047e-5,0.08793935524449893,0.12055005532245314
58,32neurons/,4.910184772136913e-5,9.841714183107406e-5,0.08689837881193083,0.1199469775201269
59,32neurons/,4.914872651026789e-5,9.68942579292916e-5,0.08640495765648698,0.11830413029538858
60,32neurons/,5.055393029344676e-5,9.518793896174987e-5,0.08697758429226068,0.11672457652490502
61,32neurons/,5.129735063567385e-5,9.455177515170237e-5,0.08736404897647482,0.11615438799751757
62,32neurons/,5.1954699210167234e-5,9.392802267629885e-5,0.0876410818974129,0.11559182844295282
63,32neurons/,5.2075938747773274e-5,9.376329005937714e-5,0.0876524609026923,0.11543976715771521
64,32neurons/,5.210853720269063e-5,9.363653857085321e-5,0.08759391764747836,0.11531922466858303
65,32neurons/,5.209202298710582e-5,9.368877767041789e-5,0.08761801931570758,0.11537172497942036
66,32neurons/,5.209323789989187e-5,9.36992657099278e-5,0.08762686412969371,0.11538196669703599
67,32neurons/,5.2091870227120365e-5,9.371329174254796e-5,0.08763509643249644,0.11539470917203933
68,32neurons/,5.209415281515902e-5,9.370319898210943e-5,0.08762969150110088,0.11538534385648326
69,32neurons/,5.209601127106459e-5,9.370161616371307e-5,0.0876306552948677,0.1153841614075266
70,32neurons/,5.209601127106459e-5,9.370161616371307e-5,0.0876306552948677,0.1153841614075266
71,32neurons/,5.209601127106459e-5,9.370161616371307e-5,0.0876306552948677,0.1153841614075266
72,32neurons/,5.209601127106459e-5,9.370161616371307e-5,0.0876306552948677,0.1153841614075266
73,32neurons/,5.209016437078917e-5,9.370491514451062e-5,0.08762705769178321,0.11538791854149082
74,32neurons/,5.2085114812779306e-5,9.370885208859003e-5,0.08762425129036538,0.11539163687056976
75,32neurons/,5.1865740936866006e-5,9.391148771221163e-5,0.0874763350317806,0.1155280931520948
76,32neurons/,5.098480785917852e-5,9.458045155225042e-5,0.08692965270674351,0.11609431485963101
77,32neurons/,4.795058546139244e-5,9.72201030026898e-5,0.08506663747514065,0.11845732579034744
78,32neurons/,4.774418098092149e-5,9.74176626743134e-5,0.0849203885416333,0.11864459909098461
79,32neurons/,4.7825631828685526e-5,9.731413799991438e-5,0.08495752787005813,0.11854453128285407
80,32neurons/,4.794326043397638e-5,9.721119796818121e-5,0.08499263334406215,0.11841411332917277
81,32neurons/,4.834455949199399e-5,9.659004205583059e-5,0.0851081739575611,0.11784047100232058
82,32neurons/,4.9268930997087816e-5,9.505959301603572e-5,0.08492998800786176,0.11626420920795838
83,32neurons/,4.941522001631188e-5,9.473438446653325e-5,0.08475481826225378,0.11588029632046583
84,32neurons/,4.942314241291652e-5,9.475530376355008e-5,0.08480960153117337,0.11591831514271743
85,32neurons/,4.9446915250829316e-5,9.475748442124055e-5,0.08486121184929842,0.1159342998424418
86,32neurons/,4.946006009029037e-5,9.473550656177874e-5,0.0848534507407395,0.11590869403385806
87,32neurons/,4.9510810543841604e-5,9.468736175300312e-5,0.08487840427798726,0.11586534438760954
88,32neurons/,4.952218579870465e-5,9.467435173672705e-5,0.08488054485150086,0.11585203205820659
89,32neurons/,4.9615850707958266e-5,9.458071165596295e-5,0.08491917938504377,0.11576322606086159
90,32neurons/,4.9640658119760734e-5,9.455527254665228e-5,0.08492839276573189,0.11573834667108747
91,32neurons/,4.9642565337313994e-5,9.45536665863275e-5,0.08493020269202702,0.11573767278459812
92,32neurons/,4.964255625347647e-5,9.455364462043974e-5,0.08493020024496399,0.11573766671744086
93,32neurons/,4.961691033816812e-5,9.457850304556007e-5,0.08491885164717887,0.11576113993701319
94,32neurons/,4.9616901606214906e-5,9.457850304556008e-5,0.08491885171818375,0.11576113994676221
95,32neurons/,4.9616901606214906e-5,9.457850304556008e-5,0.08491885171818375,0.11576113994676221
96,32neurons/,4.9616901606214906e-5,9.457850304556008e-5,0.08491885171818375,0.11576113994676221
97,32neurons/,4.9616901606214906e-5,9.457850304556008e-5,0.08491885171818375,0.11576113994676221
98,32neurons/,4.95918127668069e-5,9.461587857445164e-5,0.08490375614527632,0.11578830739386813
99,32neurons/,4.7871097344551686e-5,9.619259466449182e-5,0.08384318991357712,0.11714092085475233
100,32neurons/,4.590370937277258e-5,9.825809692948695e-5,0.08251285977380801,0.11893167355356324
101,32neurons/,4.565126570847216e-5,9.854811030530938e-5,0.08232598950681878,0.11919023790141335
102,32neurons/,4.560667220410023e-5,9.858937148664532e-5,0.0822747766161673,0.11921527690933638
103,32neurons/,4.555529447745945e-5,9.863992494289594e-5,0.08221934189126602,0.11924972261313697
104,32neurons/,4.594508947497168e-5,9.785751146818694e-5,0.0819383503236099,0.11830348829083617
105,32neurons/,4.6787504945946355e-5,9.659799113670934e-5,0.0802433349676598,0.11683719222112754
106,32neurons/,4.6792660722133285e-5,9.662848111978774e-5,0.08085140832090625,0.11678765768133292
107,32neurons/,4.697085760778347e-5,9.644712742419989e-5,0.08098239089535048,0.11660700861416344
108,32neurons/,4.7340320217989885e-5,9.605521976567437e-5,0.08112292248031301,0.11621539444607928
109,32neurons/,4.758256441282541e-5,9.5806752652841e-5,0.08123284771363744,0.11596909699028558
110,32neurons/,4.7680674413152254e-5,9.57068602038062e-5,0.08128367776965126,0.11586877189354729
111,32neurons/,4.768094458155852e-5,9.57065247112228e-5,0.08128385050351086,0.11586845532513856
112,32neurons/,4.778781654641932e-5,9.559561996828086e-5,0.08131768139308586,0.11575865123316148
113,32neurons/,4.780309377495994e-5,9.557990898968922e-5,0.08132535248350624,0.11574276596824747
114,32neurons/,4.781062816615981e-5,9.557204120071371e-5,0.08132833027582163,0.11573462518651742
115,32neurons/,4.780639687369885e-5,9.557631757435616e-5,0.08132578385273423,0.1157390877851975
116,32neurons/,4.7806379822601366e-5,9.557632065107833e-5,0.08132578363925612,0.11573908775965415
117,32neurons/,4.780626572615545e-5,9.557633148876041e-5,0.08132568968888589,0.11573916185340616
118,32neurons/,4.780626572615545e-5,9.557633148876041e-5,0.08132568968888589,0.11573916185340616
119,32neurons/,4.780626572615545e-5,9.557633148876041e-5,0.08132568968888589,0.11573916185340616
120,32neurons/,4.780626572615545e-5,9.557633148876041e-5,0.08132568968888589,0.11573916185340616
121,32neurons/,4.780626572615545e-5,9.557633148876041e-5,0.08132568968888589,0.11573916185340616
122,32neurons/,4.7805448629976546e-5,9.557707139270579e-5,0.0813251055969671,0.11574072903720849
123,32neurons/,4.778040831224126e-5,9.56007986738509e-5,0.08130656869944031,0.11576453763158048
124,32neurons/,4.7781850534736976e-5,9.559950374583162e-5,0.08130754808578873,0.11576327152965907
125,32neurons/,4.780122307666741e-5,9.557930658442941e-5,0.08131964435667355,0.1157423009384721
126,32neurons/,4.781297676380051e-5,9.556841589007318e-5,0.08132873149241557,0.11573127955316707
127,32neurons/,4.781297676380051e-5,9.556842373596376e-5,0.08132873281263629,0.11573127975607532
128,32neurons/,4.781297676380051e-5,9.556842373596376e-5,0.08132873281263629,0.11573127975607532
129,32neurons/,4.781297676380051e-5,9.556842373596376e-5,0.08132873281263629,0.11573127975607532
130,32neurons/,4.781297676380051e-5,9.556842373596376e-5,0.08132873281263629,0.11573127975607532
131,32neurons/,4.781314416441562e-5,9.556803847188684e-5,0.08132855277294927,0.11573119190523619
132,32neurons/,4.78131403649205e-5,9.556802667802233e-5,0.08132855228249727,0.11573119205522565
133,32neurons/,4.78131403649205e-5,9.556802667802233e-5,0.08132855228249727,0.11573119205522565
134,32neurons/,4.78131403649205e-5,9.556802667802233e-5,0.08132855228249727,0.11573119205522565
1,32neurons/,7.162744320882634e-5,0.00011902165280813203,0.1001640719419636,0.1427509193515795
2,32neurons/,7.168721506905857e-5,0.00011911090764892855,0.100166185635054,0.14274809578953085
3,32neurons/,7.213539423690931e-5,0.00011948750809377162,0.10023119527522956,0.14249949074248566
4,32neurons/,8.052035056768918e-5,0.00013022533532371336,0.10001008213647447,0.13973283373050743
5,32neurons/,0.00012401456867128677,0.00015439566032954613,0.10729886706286267,0.1217549187078278
6,32neurons/,8.029156397211606e-5,9.62527705402858e-5,0.10765626414694378,0.12133370173371028
7,32neurons/,8.082524957026795e-5,9.499303495433843e-5,0.10814729929550998,0.12096762793903795
8,32neurons/,8.180865447877856e-5,9.460191848455608e-5,0.10851351563967329,0.12075318935999178
9,32neurons/,8.205395267441322e-5,9.449586679431404e-5,0.10860775624974105,0.12069766483231967
10,32neurons/,8.206976682532003e-5,9.448407554194164e-5,0.1086156929212245,0.12069101194994068
11,32neurons/,8.207966539138416e-5,9.447863126674046e-5,0.10862018182419968,0.12068883578516468
12,32neurons/,8.218208518123993e-5,9.457677119690817e-5,0.10864106959762505,0.1206655516882247
13,32neurons/,8.21403288737773e-5,9.452414283628302e-5,0.1086383232733917,0.12067003592298375
14,32neurons/,8.21597412024312e-5,9.454300162872151e-5,0.1086410489843659,0.12066562996174163
15,32neurons/,8.220024576130213e-5,9.457950557694582e-5,0.10864887189522018,0.12065898891045836
16,32neurons/,8.222904636773782e-5,9.458998180084844e-5,0.10865904175525887,0.12065018036735763
17,32neurons/,8.25831440748914e-5,9.464286272399646e-5,0.10881124713506968,0.12049613811908737
18,32neurons/,8.31361371816452e-5,9.453657627582413e-5,0.10907445858112386,0.1201871359765335
19,32neurons/,8.433988033530972e-5,9.379880121881013e-5,0.10967486792529221,0.11924892189335046
20,32neurons/,8.54195530261654e-5,9.309488189524752e-5,0.1100204282285365,0.11883784304373884
21,32neurons/,8.808076511373147e-5,9.07651617823179e-5,0.11165794460811267,0.1176652639375461
22,32neurons/,9.103148101355957e-5,8.766587334970879e-5,0.1132852143367429,0.11577277105217817
23,32neurons/,9.354306832112184e-5,8.451526798973369e-5,0.11563103143383383,0.11412122616601092
24,32neurons/,9.69855808529223e-5,7.108103044828093e-5,0.1185199127675783,0.10400029182764747
25,32neurons/,9.491356422743899e-5,7.86906696171423e-5,0.11703482338987635,0.11064877438579336
26,32neurons/,9.50942826553092e-5,7.736118957431911e-5,0.1172785360575458,0.10981976355599928
27,32neurons/,9.506385928336901e-5,7.638925052325239e-5,0.11733848201001794,0.1091857113928931
28,32neurons/,9.430859187623348e-5,7.610700437101539e-5,0.11670796178383466,0.10884504659609753
29,32neurons/,9.46109634389389e-5,7.550766197976413e-5,0.11699808648512759,0.10844586784281635
30,32neurons/,9.494239946194785e-5,7.460951917791624e-5,0.11729599690958463,0.10775158167753594
31,32neurons/,9.480711455473546e-5,7.496879611323114e-5,0.11717409433463102,0.10803488392759142
32,32neurons/,9.48137594307955e-5,7.49537946137417e-5,0.117179975639923,0.10802337911884041
33,32neurons/,9.482571969891875e-5,7.491292690288542e-5,0.11719119627801877,0.10799015283965485
34,32neurons/,9.482560369962692e-5,7.491249548546862e-5,0.11719109111938976,0.1079899508919849
35,32neurons/,9.48254182917837e-5,7.491240103261146e-5,0.11719098899991195,0.10798986530267117
36,32neurons/,9.477283099535823e-5,7.501567275416211e-5,0.11714894080037233,0.10807669513943369
37,32neurons/,9.477282657215274e-5,7.501573535484971e-5,0.11714892116468358,0.1080767269424977
38,32neurons/,9.477287978825023e-5,7.501571087361049e-5,0.11714898926649135,0.10807675409223827
39,32neurons/,9.477287505949117e-5,7.501575264358404e-5,0.11714898986718153,0.10807675263007008
40,32neurons/,9.477287505949117e-5,7.501575264358404e-5,0.11714898986718153,0.10807675263007008
41,32neurons/,9.477287505949117e-5,7.501575264358404e-5,0.11714898986718153,0.10807675263007008
42,32neurons/,9.477287505949117e-5,7.501575264358404e-5,0.11714898986718153,0.10807675263007008
43,32neurons/,9.478825617354954e-5,7.502388715218276e-5,0.11713627368471362,0.10804698166464322
44,32neurons/,8.876266973652863e-5,6.264334492935009e-5,0.11118377985087165,0.09538417790866278
45,32neurons/,9.134020104378128e-5,6.599248612631246e-5,0.11379983886989191,0.09918862953266115
46,32neurons/,9.239536972542219e-5,6.815901984774942e-5,0.11489276873546231,0.10143306930739866
47,32neurons/,9.255430775894284e-5,6.859312294743062e-5,0.11506761338325962,0.10187643251287783
48,32neurons/,9.253522393039492e-5,6.863643615515111e-5,0.11505543941458746,0.10191562929920904
49,32neurons/,9.203561413869778e-5,7.191959727078368e-5,0.11474136030858224,0.10471623714537726
50,32neurons/,9.175347174631179e-5,7.201005448407701e-5,0.11466782182595416,0.10500641159907016
51,32neurons/,9.176240911626786e-5,7.183133903759125e-5,0.11466649118827595,0.10484522764904654
52,32neurons/,9.183135173222886e-5,7.111887176348804e-5,0.1146844907651643,0.10418611172477202
53,32neurons/,9.168704653835161e-5,7.160286518920417e-5,0.11459429821372186,0.10462036110625077
54,32neurons/,9.120953814303828e-5,7.272547796980176e-5,0.11425704665469805,0.10554642136690222
55,32neurons/,9.101922908848407e-5,7.30507480409407e-5,0.11411542460198534,0.10579541954317116
56,32neurons/,9.101921107416373e-5,7.305075170841244e-5,0.11411541447499376,0.10579542306790891
57,32neurons/,9.092941083364157e-5,7.320995902823226e-5,0.11405033950172402,0.10592091572711068
58,32neurons/,9.09197326838722e-5,7.317511524119745e-5,0.11404161138799597,0.10588701482383266
59,32neurons/,9.088894482991194e-5,7.307401108701073e-5,0.11401303812669888,0.10578973811995122
60,32neurons/,9.087810758691256e-5,7.311028150334345e-5,0.11400574846967775,0.10581880944658266
61,32neurons/,9.087811680656356e-5,7.31102388496048e-5,0.11400577154188153,0.10581883847117286
62,32neurons/,9.087811929766426e-5,7.311040708433453e-5,0.1140057716106435,0.1058189143783696
63,32neurons/,9.088514602231736e-5,7.308853037644212e-5,0.11401096471158684,0.10580131151415925
64,32neurons/,9.088626794744696e-5,7.308645017021732e-5,0.11401144047045061,0.105800050618689
65,32neurons/,9.088653008525509e-5,7.308649553170151e-5,0.11401152786549416,0.10580022447138036
66,32neurons/,9.08865403807646e-5,7.308656213595395e-5,0.11401166903035624,0.10580020343172714
67,32neurons/,9.088654162522881e-5,7.308655679489637e-5,0.11401167030679751,0.10580020321304187
68,32neurons/,9.088654162522881e-5,7.308655679489637e-5,0.11401167030679751,0.10580020321304187
69,32neurons/,9.088654162522881e-5,7.308655679489637e-5,0.11401167030679751,0.10580020321304187
70,32neurons/,9.088654162522881e-5,7.308655679489637e-5,0.11401167030679751,0.10580020321304187
71,32neurons/,9.097272598448558e-5,7.316113948097533e-5,0.113943974296035,0.10563010473197632
72,32neurons/,8.329631377666573e-5,6.578222198853317e-5,0.1066418786673258,0.09588319383625754
73,32neurons/,8.650946897487293e-5,6.710254563758859e-5,0.10974316412619915,0.09852197695446531
74,32neurons/,8.778307592296671e-5,6.826226630146947e-5,0.11101737072754254,0.10016236028774017
75,32neurons/,8.797002766124679e-5,6.844641712569765e-5,0.11119586080876542,0.10040112586895712
76,32neurons/,8.790807381375994e-5,6.83561611507434e-5,0.11113452608211957,0.10029410832703177
77,32neurons/,8.786040962030872e-5,6.823044164916456e-5,0.11107993698823772,0.10016057286838743
78,32neurons/,8.790505309848e-5,6.826127327101576e-5,0.11112127861078891,0.10020562103057047
79,32neurons/,8.79599476284126e-5,6.8218982176751e-5,0.11116324664361316,0.10018536167779418
80,32neurons/,8.80654997250438e-5,6.803828256494639e-5,0.11123132565264944,0.10005285325432765
81,32neurons/,9.012595695242282e-5,6.407822248790012e-5,0.11256803853023162,0.09711279670481934
82,32neurons/,9.038807748472398e-5,6.352210403773845e-5,0.11273943745396123,0.09673902434264797
83,32neurons/,9.032565445313608e-5,6.360801564948859e-5,0.1126925740984002,0.09678768314790853
84,32neurons/,9.03612097226686e-5,6.330159677141684e-5,0.11269009756522994,0.09655186924314885
85,32neurons/,9.036439420419293e-5,6.337715122662382e-5,0.11270210928992115,0.0966153948493389
86,32neurons/,9.036434232202785e-5,6.337720981813036e-5,0.1127020695836982,0.09661541496850347
87,32neurons/,9.036434232202785e-5,6.337720981813036e-5,0.1127020695836982,0.09661541496850347
88,32neurons/,9.036434232202785e-5,6.337720981813036e-5,0.1127020695836982,0.09661541496850347
89,32neurons/,8.969834923920667e-5,6.30012748856289e-5,0.1111733464978631,0.09465406249232931
90,32neurons/,8.527089643486548e-5,6.072973509892775e-5,0.10782423486967525,0.09134615776779537
91,32neurons/,8.737423646825543e-5,6.095871580289579e-5,0.10976642358735217,0.09312649495542684
92,32neurons/,8.765407239961794e-5,6.10419436008161e-5,0.11003825211311903,0.09338377937074961
93,32neurons/,8.7624622900267e-5,6.100543702413937e-5,0.11000839766026164,0.09333072691121064
94,32neurons/,8.763907082594372e-5,6.087719071483993e-5,0.11001231685488344,0.09321371563583276
95,32neurons/,8.765174626044915e-5,6.072013969060061e-5,0.11000755677481729,0.09305864052364257
96,32neurons/,8.772260024885726e-5,6.070364407042382e-5,0.11007145921875089,0.09308210303042887
97,32neurons/,8.784562062969404e-5,6.057372506172895e-5,0.11016599502919741,0.09300474991650873
98,32neurons/,8.787989984503773e-5,6.0537515266525926e-5,0.11019075703466366,0.09297889026221241
99,32neurons/,8.802921264321493e-5,6.03133959414548e-5,0.11030343002996167,0.09282148190476285
100,32neurons/,8.905396825754184e-5,5.867183331033183e-5,0.11110820765275538,0.09167876148382437
101,32neurons/,8.938307604327375e-5,5.816805112465934e-5,0.11138503516368882,0.09135145126667421
102,32neurons/,8.940496129641449e-5,5.8226594162008454e-5,0.111411420969706,0.09143593671633038
103,32neurons/,8.956532830372093e-5,5.8045229037738025e-5,0.11154809279766964,0.09133906697114258
104,32neurons/,8.967212438852418e-5,5.793465954709888e-5,0.11163912710957904,0.0912846683654554
105,32neurons/,8.966418161471723e-5,5.7949958799701896e-5,0.11163305252691898,0.09129716800946636
106,32neurons/,8.966314953778143e-5,5.7955993027584976e-5,0.11163254903740297,0.09130291698749131
107,32neurons/,8.966299006403372e-5,5.795594642151191e-5,0.11163240735137277,0.09130282549259441
108,32neurons/,8.966292357609823e-5,5.795597626186652e-5,0.11163237841117615,0.09130281902801811
109,32neurons/,8.966292357609823e-5,5.795597626186652e-5,0.11163237841117615,0.09130281902801811
110,32neurons/,8.966292357609823e-5,5.795597626186652e-5,0.11163237841117615,0.09130281902801811
111,32neurons/,8.762560115582187e-5,5.807943216124401e-5,0.10937796935740841,0.088715153630297
112,32neurons/,8.686720545720003e-5,5.775485048155027e-5,0.1089385410789331,0.08831778114364815
113,32neurons/,8.64211567964816e-5,5.765844455814275e-5,0.10862010772815935,0.0880033529046691
114,32neurons/,8.666788980533505e-5,5.754893356098304e-5,0.10884444516954128,0.08811925374177985
115,32neurons/,8.675171597073296e-5,5.746793452251758e-5,0.10891662638992983,0.08808794173133197
116,32neurons/,8.89716934022323e-5,5.515302556630379e-5,0.11075431837493871,0.08672399541269787
117,32neurons/,9.079232261721626e-5,5.2965547050595536e-5,0.11237814714653664,0.08556878322035846
118,32neurons/,9.019301925306765e-5,5.344182724270651e-5,0.11185842013154339,0.08570639893520506
119,32neurons/,9.072075256883509e-5,5.273035827839403e-5,0.11229056680606772,0.08514419371666176
120,32neurons/,9.084921723855231e-5,5.24896544435899e-5,0.11238038061466624,0.0848716191964949
121,32neurons/,9.098574351116069e-5,5.2233855604246645e-5,0.11247587828559188,0.08458838187779517
122,32neurons/,9.09473293646993e-5,5.2305349591302916e-5,0.11244866045882244,0.08466758958244003
123,32neurons/,9.094627167013239e-5,5.2305691112719985e-5,0.11244789029104676,0.08466722334725216
124,32neurons/,9.094627167013239e-5,5.2305691112719985e-5,0.11244789029104676,0.08466722334725216
125,32neurons/,9.094627167013239e-5,5.2305691112719985e-5,0.11244789029104676,0.08466722334725216
126,32neurons/,9.094627167013239e-5,5.2305691112719985e-5,0.11244789029104676,0.08466722334725216
127,32neurons/,9.076225283960893e-5,5.243300031697248e-5,0.11219525588695133,0.08441494075260939
128,32neurons/,8.709997390297853e-5,5.444084992141565e-5,0.10848498896680789,0.08269905728916446
129,32neurons/,8.860846171982783e-5,5.330642798417666e-5,0.11004770318667371,0.08297428442621378
130,32neurons/,8.901008934780482e-5,5.298331527909119e-5,0.11045168479600917,0.08303633246033602
131,32neurons/,8.92133396885225e-5,5.2779486267355196e-5,0.11063965949944349,0.08297142393884523
132,32neurons/,9.030085820434177e-5,5.169364808943225e-5,0.11162786219553092,0.08259550945364687
133,32neurons/,9.065951981087967e-5,5.1158293139422824e-5,0.11190830891222406,0.08210145107431734
134,32neurons/,9.183987514112827e-5,4.96104685583051e-5,0.11288654536460231,0.08094839331179332
135,32neurons/,9.182568076137283e-5,4.962472242511875e-5,0.11287415364434406,0.08095410295150741
136,32neurons/,9.175409049642558e-5,4.970055771599244e-5,0.11280884348585901,0.08098956422358501
137,32neurons/,9.173099011884285e-5,4.971038044042544e-5,0.11278350962364607,0.08097388103123387
138,32neurons/,9.176161621172087e-5,4.966882287545321e-5,0.11280850109988774,0.08094227038768818
139,32neurons/,9.176512853614252e-5,4.966448271219985e-5,0.11281122111736193,0.08093962635611847
140,32neurons/,9.176533143036961e-5,4.966252353758079e-5,0.11281126277720585,0.0809377413330376
141,32neurons/,9.176533143036696e-5,4.966252353757855e-5,0.11281126277720585,0.0809377413330376
142,32neurons/,9.17653314303271e-5,4.966252353749832e-5,0.11281126277720585,0.0809377413330376
143,32neurons/,9.17653314303271e-5,4.966252353749832e-5,0.11281126277720585,0.0809377413330376
144,32neurons/,9.175961218823852e-5,4.9664655436335303e-5,0.11280442049678865,0.08093312443557464
145,32neurons/,9.168808288140571e-5,4.971170788272118e-5,0.1127227937172619,0.08089192192388435
146,32neurons/,9.097414354527593e-5,5.012900747412208e-5,0.11192628136823825,0.08046788935248818
147,32neurons/,8.913800453148787e-5,5.1692522677856826e-5,0.10986759314381432,0.07993405184312416
148,32neurons/,8.969482243068001e-5,5.1117631237333094e-5,0.11046602060143736,0.07988846853048127
149,32neurons/,9.00629040862479e-5,5.075567297125677e-5,0.11085432037616691,0.07984981965324785
150,32neurons/,9.020114325407741e-5,5.059277313223458e-5,0.1109690115928364,0.07972932616500213
151,32neurons/,9.204295594720498e-5,4.8544291384774356e-5,0.11248294159308536,0.07802721466505731
152,32neurons/,9.172775311577417e-5,4.8873788692135815e-5,0.11225698271514152,0.07842835863993308
153,32neurons/,9.176031194792123e-5,4.8854434336463e-5,0.11232216257584822,0.07854611601133052
154,32neurons/,9.189948908535194e-5,4.870249314989578e-5,0.11244041549443824,0.07842632945145445
155,32neurons/,9.191566214586817e-5,4.8687256312921486e-5,0.11245833018460852,0.07842696300280222
156,32neurons/,9.192247865807945e-5,4.8679802719015626e-5,0.1124653047027408,0.07842727293717722
157,32neurons/,9.192247865807945e-5,4.8679802719015626e-5,0.1124653047027408,0.07842727293717722
158,32neurons/,9.192247865807945e-5,4.8679802719015626e-5,0.1124653047027408,0.07842727293717722
159,32neurons/,9.189417008199753e-5,4.870812493561401e-5,0.11243281744657836,0.07842407838535469
160,32neurons/,9.059182314138918e-5,5.009784657354559e-5,0.11098640977420712,0.07843024428133566
161,32neurons/,9.060003877589776e-5,5.008460578330182e-5,0.11097266192364898,0.07835965756017459
162,32neurons/,9.136352155865324e-5,4.928518724398778e-5,0.11161117847438401,0.07770908341154813
163,32neurons/,9.346003329124029e-5,4.715145247349132e-5,0.11361355129922303,0.07657466911593461
164,32neurons/,9.266637638081837e-5,4.795071127374523e-5,0.1128241434372501,0.07691566069095643
165,32neurons/,9.282453713164261e-5,4.7782797479143476e-5,0.11299335978320824,0.07688038939934219
166,32neurons/,9.289250757128317e-5,4.7721901914263495e-5,0.11304473490174147,0.07680382590810214
167,32neurons/,9.289549466649266e-5,4.7718678109081954e-5,0.11304781400091828,0.07680253107138738
168,32neurons/,9.289549466649266e-5,4.7718678109081954e-5,0.11304781400091828,0.07680253107138738
169,32neurons/,9.289549466649266e-5,4.7718678109081954e-5,0.11304781400091828,0.07680253107138738
170,32neurons/,9.289495851601078e-5,4.77183179041827e-5,0.11304689541085576,0.07680207434256735
171,32neurons/,9.289495851601078e-5,4.77183179041827e-5,0.11304689541085576,0.07680207434256735
172,32neurons/,9.289495851601078e-5,4.77183179041827e-5,0.11304689541085576,0.07680207434256735
173,32neurons/,9.289495851601078e-5,4.77183179041827e-5,0.11304689541085576,0.07680207434256735
174,32neurons/,9.289495851601078e-5,4.77183179041827e-5,0.11304689541085576,0.07680207434256735
175,32neurons/,9.289495851601078e-5,4.77183179041827e-5,0.11304689541085576,0.07680207434256735
