time,true_waveform_real,pred_waveform_real,pred_waveform_imag,error_real
4613.735455290455,-0.09281722490541572,-0.12652881825139556,0.0023911855674536987,0.03371159334597984
4618.636212708592,-0.08711415079225338,-0.11778230245753998,0.027474952927101177,0.030668151665286608
4623.536970126729,-0.08097368964030481,-0.10903578666368441,0.05255872028674865,0.028062097023379598
4628.437727544865,-0.07439907128338441,-0.09499756397308023,0.07517513022464276,0.020598492689695824
4633.338484963002,-0.06744287341958048,-0.07631361757092327,0.09421508691922413,0.008870744151342785
4638.239242381139,-0.06012999657639363,-0.053869158355726025,0.10873355827680407,-0.006260838220667607
4643.139999799276,-0.05250005954553437,-0.028735859791427433,0.1180012261560105,-0.023764199754106936
4648.040757217413,-0.04459687821175572,-0.0021246098215127844,0.12153347415070025,-0.04247226839024293
4652.941514635549,-0.036450254160056116,0.024669280444697763,0.11912899682255662,-0.061119534604753875
4657.8422720536855,-0.028113960597536448,0.05033283301392329,0.11087120222853977,-0.07844679361145973
4662.743029471822,-0.019621507622820878,0.0735970947845124,0.09713185717186593,-0.09321860240733328
4667.643786889959,-0.01102266358479952,0.09330063071522393,0.07856329164270016,-0.10432329430002345
4672.544544308096,-0.002358900947948671,0.10844931663928256,0.05604951580628667,-0.11080821758723124
4677.445301726232,0.006323581240625838,0.11826690164882174,0.030690919023566507,-0.1119433204081959
4682.346059144369,0.014981054112170357,0.12223338217349146,0.0037272808334858575,-0.1072523280613211
4687.246816562506,0.0235656462286594,0.12012042199359863,-0.023503529307038678,-0.09655477576493923
4692.147573980643,0.03203783525949044,0.11199555393109262,-0.04964280032538549,-0.07995771867160217
4697.04833139878,0.040345997935120614,0.09823546022080575,-0.07337395099844632,-0.05788946228568513
4701.949088816916,0.04845248290012125,0.07949595099374461,-0.09349363058881317,-0.031043468093623357
4706.849846235053,0.05631488180052485,0.056693791053316595,-0.10896154977709298,-0.0003789092527917426
4711.7506036531895,0.06388443025941085,0.030958389131504074,-0.11897687449082345,0.03292604112790677
4716.651361071326,0.07113460530614349,0.0035753448630042903,-0.1229953560041728,0.0675592604431392
4721.552118489463,0.0780093256086557,-0.024075513604070963,-0.12078073235472055,0.10208483921272667
4726.452875907599,0.08448703694883009,-0.05058541493732222,-0.11240837282803026,0.1350724518861523
4731.353633325736,0.09053151931290122,-0.07459308132465807,-0.09827209196220481,0.1651246006375593
4736.254390743873,0.0960963108706516,-0.09486213842954977,-0.07905883739973688,0.19095844930020137
4741.15514816201,0.10117491619098656,-0.11031913737420752,-0.05572917220484041,0.21149405356519407
4746.055905580147,0.105713694124591,-0.12015085782730041,-0.029456492931313593,0.22586455195189142
4750.956662998283,0.10971061077628771,-0.12380878485186245,-0.0015808299449931857,0.23351939562815016
4755.85742041642,0.11313296115709447,-0.1210730086950582,0.026464524823271027,0.23420596985215267
4760.758177834557,0.11595806427383099,-0.11204427636479145,0.05322407760647506,0.22800234063862243
4765.6589352526935,0.11819141630795618,-0.09715688982372733,0.07730069657495368,0.21534830613168351
4770.55969267083,0.11978235401169877,-0.0771522584189922,0.09741941780614834,0.196934612430691
4775.460450088966,0.12075840517010404,-0.053046278698944266,0.11250498953816546,0.1738046838690483
4780.361207507103,0.12109607159557405,-0.02607861971379776,0.12173576917304675,0.1471746913093718
4785.26196492524,0.12078798614967842,0.002346333360250549,0.1245905553838789,0.11844165278942788
4790.162722343377,0.11985794990551997,0.030739767484854495,0.12088127814870803,0.08911818242066548
4795.063479761514,0.11827617900290266,0.057602289618002345,0.1107609783376299,0.060673889384900315
4799.96423717965,0.11607771579584904,0.0814896827874823,0.09473431082929512,0.03458803300836674
4804.864994597787,0.11326590144624805,0.10112478493107219,0.07361050494675878,0.012141116515175868
4809.765752015924,0.10984033032741447,0.1154250660070395,0.04848888978161016,-0.00558473567962503
4814.666509434061,0.10584458699239593,0.123594014346936,0.020691721683944002,-0.017749427354540062
4819.5672668521975,0.1012737739893273,0.1251575479418714,-0.008312213636673723,-0.023883773952544096
4824.468024270333,0.09616267607643658,0.11999104506615232,-0.03695959757227433,-0.023828368989715742
4829.36878168847,0.09054740335843567,0.10832651303650766,-0.06371369728561434,-0.01777910967807199
4834.269539106607,0.08443214877408418,0.09075857590634552,-0.08710622331524395,-0.006326427132261336
4839.170296524744,0.07786904520417923,0.0682004670514703,-0.10584813450695893,0.009668578152708926
4844.071053942881,0.07089167056780858,0.04185956084378731,-0.11888628130224334,0.029032109724021274
4848.971811361017,0.06351969831633206,0.013130084612859324,-0.12547750823110404,0.05038961370347273
4853.872568779154,0.055809391110819125,-0.016406473667369654,-0.12521620133223177,0.07221586477818878
4858.773326197291,0.04779648049637436,-0.04514908220421127,-0.1180734081941472,0.09294556270058563
4863.674083615428,0.03951640929120683,-0.07149876314854564,-0.10439932684726728,0.11101517243975248
4868.574841033565,0.03102275481608016,-0.09399074233703654,-0.08490712269281797,0.12501349715311671
4873.4755984517005,0.022354244078307328,-0.11134942888140656,-0.060636160704476395,0.1337036729597139
4878.376355869837,0.013558481561333161,-0.12257427759405948,-0.03290961018254366,0.13613275915539264
4883.277113287974,0.004683855661600598,-0.12700077916744837,-0.0032523979173735527,0.13168463482904896
4888.177870706111,-0.004224388844696116,-0.12433905718214838,0.026693708582444648,0.12011466833745227
4893.078628124248,-0.0131171225164077,-0.11468867517545453,0.05524623103121748,0.10157155265904683
4897.979385542384,-0.02194891652224401,-0.09854366291449848,0.08079498548358233,0.07659474639225447
4902.880142960521,-0.030667406242513615,-0.07678056094267276,0.10186568617145059,0.04611315470015914
4907.780900378658,-0.03922995315661489,-0.05058746825805765,0.1172456967096763,0.011357515101442756
4912.681657796795,-0.04759287035237522,-0.021424209567175057,0.12601637704756052,-0.026168660785200165
4917.582415214932,-0.055699623942299645,0.009065624157400285,0.12763642924911747,-0.06476524809969993
4922.483172633068,-0.0635176125637312,0.039144626856968685,0.12196332670625709,-0.10266223942069988
4927.3839300512045,-0.07100525290314529,0.06709385931533755,0.1092717805185268,-0.13809911221848284
4932.284687469341,-0.07810534165156825,0.09128038018480547,0.09024579707741477,-0.16938572183637374
4937.185444887478,-0.08479647782531649,0.11028733537219064,0.06594017919872323,-0.19508381319750712
4942.086202305615,-0.09104249001905579,0.12297704786359097,0.037725218472296096,-0.21401953788264677
4946.986959723751,-0.09678700531741619,0.12856855253093144,0.007211020528001259,-0.22535555784834763
4951.887717141888,-0.10202227521244073,0.1266862790709055,-0.023835709015188902,-0.22870855428334622
4956.788474560025,-0.10671434938535607,0.11738780183669742,-0.053605556671076915,-0.2241021512220535
4961.689231978162,-0.11081964624862599,0.10116525739201332,-0.0803438160062661,-0.21198490364063932
4966.589989396299,-0.11433606704711419,0.07892794643002966,-0.10245045924366833,-0.19326401347714384
4971.490746814435,-0.1172428145669895,0.051942171199621974,-0.11859466946243347,-0.16918498576661148
4976.391504232572,-0.11949866835265396,0.02177372733351709,-0.12776930247094073,-0.14127239568617106
4981.2922616507085,-0.12111684601704698,-0.009800244181310482,-0.12938428596431564,-0.1113166018357365
4986.193019068845,-0.12208568470841812,-0.0409119798385455,-0.1232873932687305,-0.08117370486987262
4991.093776486982,-0.12237434332602698,-0.06970637155738825,-0.10978350965077487,-0.05266797176863873
4995.994533905118,-0.1220065151853994,-0.09441084612273096,-0.08963942876746925,-0.027595669062668443
5000.895291323255,-0.12098271451821958,-0.11353187003458656,-0.06400855797686716,-0.007450844483633021
5005.796048741392,-0.11927881981110497,-0.12585807524133952,-0.03441784821924395,0.0065792554302345485
5010.696806159529,-0.11693311825925312,-0.13060016969015306,-0.0026073984929937365,0.01366705143089994
5015.597563577666,-0.11395515910309145,-0.12740733514970262,0.02947475974416139,0.01345217604661117
5020.498320995802,-0.11033407098920942,-0.11642087659312784,0.0598871931688811,0.00608680560391843
5025.399078413939,-0.10611513544869908,-0.09824988972201006,0.08675068563366099,-0.007865245726689021
5030.299835832076,-0.10132011478186206,-0.0739742644884079,0.10837846023471195,-0.02734585029345417
5035.2005932502125,-0.09594966551824176,-0.04502242022830848,0.12341081460875337,-0.05092724528993328
5040.101350668349,-0.09005793467450157,-0.013173615836366673,0.13085442620477222,-0.0768843188381349
5045.002108086485,-0.08367171694477675,0.019621253164757827,0.13019486406393818,-0.10329297010953457
5049.902865504622,-0.07680779943820856,0.051318892881433806,0.12141502240864979,-0.12812669231964235
5054.803622922759,-0.06952368273512763,0.07994178520809037,0.10500037940826304,-0.149465467943218
5059.704380340896,-0.061854817566759736,0.10365312080272845,0.08192351663758035,-0.16550793836948818
5064.605137759033,-0.05382946643445503,0.12092891007215445,0.053591156282624675,-0.17475837650660947
5069.505895177169,-0.04550482019960682,0.13062531782402273,0.021754046836741557,-0.17613013802362953
5074.406652595306,-0.03692526983961061,0.13207034121562128,-0.011593719219421324,-0.1689956110552319
5079.307410013443,-0.028129480558101282,0.12510861762429276,-0.04433568346542793,-0.15323809818239403
5084.20816743158,-0.019172636216828673,0.11012095395328007,-0.07438197370710413,-0.12929359017010875
5089.1089248497165,-0.010102937414835927,0.08800829356837014,-0.09977807593987127,-0.09811123098320607
5094.009682267852,-0.0009681999962909101,0.060133105116938285,-0.11885724793780016,-0.06110130511322919
5098.910439685989,0.00817942192328831,0.028254776417023543,-0.1303333614663558,-0.020075354493735233
5103.811197104126,0.01729032257080738,-0.005574733368142573,-0.13340546562301633,0.022865055938949955
5108.711954522263,0.02631402848721523,-0.039207831953439964,-0.12780473152031332,0.0655218604406552
5113.6127119404,0.035197312637822956,-0.0704042497452554,-0.11383300544199042,0.10560156238307836
5118.513469358536,0.04389520335622139,-0.09712352021887798,-0.09233742949724913,0.14101872357509937
5123.414226776673,0.052360064849801914,-0.1175690838417974,-0.06466313103283328,0.1699291486915993
5128.31498419481,0.06053423387688207,-0.1303297878058141,-0.032604088140848315,0.19086402168269617
5133.215741612947,0.06838300163274097,-0.13450488949824874,0.0017620445553259726,0.2028878911309897
5138.116499031084,0.07586302625983393,-0.1297431460650671,0.03616426704184213,0.20560617232490103
5143.0172564492195,0.08291856042213373,-0.11628723543058742,0.06830391272706694,0.19920579585272113
5147.918013867356,0.08951883715809954,-0.09496953642166499,0.0960034631595212,0.18448837357976453
5152.818771285493,0.09563123326081956,-0.06714607591672522,0.11736774128750047,0.1627773091775448
5157.71952870363,0.1012167619717591,-0.03466959297317005,0.13088339146519862,0.13588635494492915
5162.620286121767,0.10623062113600884,0.00032600458262992783,0.13557985153804084,0.10590461655337892
5167.521043539903,0.11066085951898544,0.03546036262042265,0.13105139219512277,0.07520049689856279
5172.42180095804,0.11448197249966116,0.06833198779263247,0.11752871536427147,0.04614998470702869
5177.322558376177,0.11765747952821895,0.09666049807560104,0.09586506130608377,0.020996981452617913
5182.223315794314,0.120173779173188,0.1184573531067744,0.06747513651780548,0.0017164260664136038
5187.124073212451,0.12202512205409156,0.13214511273084514,0.034270214828808536,-0.010119990676753579
5192.024830630587,0.12319783614477395,0.13669977973143715,-0.0014768762065614392,-0.013501943586663206
5196.9255880487235,0.12366401552300159,0.13172304196399748,-0.037298151962525596,-0.00805902644099589
5201.82634546686,0.12344197900093838,0.11747086230795249,-0.07067816394374242,0.005971116692985889
5206.727102884997,0.12253035798428939,0.0948702643899305,-0.09923439050042024,0.027660093594358892
5211.627860303134,0.12092656744090222,0.06543793093418658,-0.12091037714594227,0.055488636506715636
5216.52861772127,0.11862971532219076,0.031214644341154764,-0.13409016801035395,0.08741507098103599
5221.429375139407,0.1156698756114365,-0.005413826706429418,-0.1377635335072073,0.12108370231786592
5226.330132557544,0.11206085879305681,-0.041825301585272076,-0.13157511304297329,0.1538861603783289
5231.230889975681,0.107802713184714,-0.07540724452969291,-0.11588369438495315,0.1832099577144069
5236.131647393818,0.10293270497052508,-0.10370181878951307,-0.09172801395388538,0.20663452376003816
5241.032404811954,0.09748116996548817,-0.12459688346633611,-0.06079996802371119,0.2220780534318243
5245.933162230091,0.09147764267679892,-0.13650805116842304,-0.025289888670527682,0.22798569384522197
5250.8339196482275,0.08493622865721692,-0.13848136185864288,0.012250125771269467,0.2234175905158598
5255.734677066364,0.07791268649030547,-0.1302741438864198,0.049067946344983376,0.20818683037672528
5260.635434484501,0.07044409388684607,-0.11241975828369422,0.08242376887910433,0.1828638521705403
5265.536191902637,0.06256763331537202,-0.08612710867209462,0.10984984673532572,0.14869474198746663
5270.436949320774,0.054322792743517756,-0.05330425615473891,0.12920871817174226,0.10762704889825667
5275.337706738911,0.045765073238551016,-0.016335563202227666,0.13899844090990984,0.06210063644077868
5280.238464157048,0.036940501728995996,0.02201391911288102,0.13840239308165717,0.014926582616114976
5285.139221575185,0.02789556011777625,0.05890606725696351,0.1273671189768683,-0.031010507139187262
5290.039978993321,0.018681574370780583,0.0915052558089709,0.1066349813127263,-0.07282368143819032
5294.940736411458,0.009354089270324962,0.1173009188132978,0.07769627024782187,-0.10794682954297283
5299.841493829595,-3.545309670903213e-5,0.13425722147187308,0.04271446222547932,-0.1342926745685821
5304.7422512477315,-0.009434112273559826,0.14101466236673074,0.004251156850598624,-0.15044877464029058
5309.643008665868,-0.01878647260939677,0.13694589225770454,-0.03468672903903086,-0.15573236486710132
5314.543766084004,-0.028040157553108597,0.12226437587036719,-0.07116023046696392,-0.15030453342347577
5319.444523502141,-0.037142885705875685,0.09802885094498721,-0.10226558475342565,-0.1351717366508629
5324.345280920278,-0.0460422296839656,0.0660209366131,-0.12556481785731227,-0.11206316629706561
5329.246038338415,-0.054680918433325496,0.028682069166652936,-0.13914312944106225,-0.08336298759997843
5334.146795756552,-0.06301536634774048,-0.011106363998660756,-0.1418417865965196,-0.05190900234907972
5339.047553174688,-0.07099751766914471,-0.05021428866851468,-0.13334966589845332,-0.02078322900063003
5343.948310592825,-0.07858246924155553,-0.08556185735774774,-0.11421460523447789,0.006979388116192212
5348.849068010962,-0.08571177793443968,-0.11425868978611249,-0.08587345120466151,0.02854691185167281
5353.749825429099,-0.09235651304793144,-0.13395965879022492,-0.05050115208332892,0.041603145742293485
5358.6505828472355,-0.09847877139853209,-0.1429896243075335,-0.010835074648940332,0.04451085290900142
5363.551340265371,-0.10404101670777792,-0.14048747233680922,0.029917908520512786,0.0364464556290313
5368.452097683508,-0.10900110406411437,-0.12654505745591288,0.06847579711024794,0.01754395339179851
5373.352855101645,-0.11333457911248307,-0.1021635486551272,0.10167400962305126,-0.011171030457355874
5378.253612519782,-0.11701778553770173,-0.06924992272721535,0.1267021146295736,-0.04776786281048638
5383.154369937919,-0.12003160250783086,-0.03038949051242896,0.14142510374099967,-0.0896421119954019
5388.055127356055,-0.12235702787044943,0.011225813979450836,0.14448230345418164,-0.13358284184990027
5392.955884774192,-0.12396215720355411,0.05217022190013609,0.13548958500257974,-0.1761323791036902
5397.856642192329,-0.12485000380468222,0.08899185978854553,0.11505918829522754,-0.21384186359322777
5402.757399610466,-0.12501686355130845,0.11853955147313278,0.08477140869325876,-0.24355641502444123
5407.658157028603,-0.12446083969893007,0.13820313996147085,0.04708801111049321,-0.2626639796604009
5412.5589144467385,-0.1231836787610964,0.1461898695350365,0.005155779085809371,-0.2693735482961329
5417.459671864875,-0.1211753126719052,0.1416730554689997,-0.03751804188990517,-0.2628483681409049
5422.360429283012,-0.11846256866601337,0.12489428990989052,-0.07720552424112594,-0.2433568585759039
5427.261186701149,-0.11505861721421512,0.09715358598650718,-0.1104551231908097,-0.21221220320072232
5432.161944119286,-0.11098428824711584,0.060759220287232116,-0.13426432219095333,-0.17174350853434794
5437.062701537422,-0.10625604981836774,0.018798363650840026,-0.14643745240573103,-0.12505441346920776
5441.963458955559,-0.10089408198144856,-0.025092673818044597,-0.14575520169546743,-0.07580140816340396
5446.864216373696,-0.09493884030709573,-0.06700620665558767,-0.1321402047859727,-0.027932633651508068
5451.764973791833,-0.08842618835847287,-0.10321090195005,-0.10664733768489089,0.01478471359157714
5456.66573120997,-0.08139002012711395,-0.13037032323786618,-0.07143615982014641,0.04898030311075223
5461.566488628106,-0.07387050537040343,-0.14593277678191097,-0.029592432845706517,0.07206227141150753
5466.4672460462425,-0.06590361252999782,-0.14836528301860455,0.015190802423839408,0.08246167048860673
5471.368003464379,-0.057543259095456385,-0.13730461913310182,0.05882040249826496,0.07976136003764545
5476.268760882516,-0.04883789432902852,-0.11361666549479627,0.09733108843647967,0.06477877116576775
5481.169518300653,-0.03983847531566233,-0.07935779111248491,0.1270900718136267,0.03951931579682258
5486.070275718789,-0.030595424738003064,-0.03756948099475047,0.14527719550180448,0.006974056256747407
5490.971033136926,-0.021163238086771105,0.007913036104633182,0.1500699164305464,-0.029076274191404287
5495.871790555063,-0.011595529839247005,0.05291245894180522,0.1408951421122312,-0.06450798878105223
5500.7725479732,-0.0019509880263158847,0.09319541571548498,0.11846430580115641,-0.09514640374180086
5505.673305391337,0.007713774789508937,0.12491665829173813,0.08475270677812671,-0.1172028835022292
5510.574062809473,0.01734237870317682,0.14498891828965926,0.042841856737857995,-0.12764653958648245
5515.47482022761,0.026878675713258977,0.1513829308297689,-0.00338881650300192,-0.12450425511650992
5520.3755776457465,0.036263993722936094,0.14334311371898453,-0.04954034434633414,-0.10707911999604844
5525.276335063883,0.04544165775629128,0.12148379885247088,-0.09121240002953677,-0.0760421410961796
5530.17709248202,0.054358695043342634,0.08775592063580373,-0.12432102998831464,-0.0333972255924611
5535.077849900156,0.06296169083122846,0.045302854010363,-0.14555592960540947,0.017658836820865463
5539.978607318293,0.07119996061869313,-0.001848558909673945,-0.15271479657784692,0.07304851952836708
5544.87936473643,0.07902368392017516,-0.04913288704255031,-0.1449158067929374,0.12815657096272548
5549.780122154567,0.08638606180304119,-0.09188168058240731,-0.12274341940677441,0.1782677423854485
5554.680879572704,0.09323430634667937,-0.12579409580840575,-0.08821429221958643,0.21902840215508512
5559.58163699084,0.09953366207370687,-0.14737335149524208,-0.04459620061818778,0.24690701356894895
5564.482394408977,0.10524527281885204,-0.15426854798935483,0.003830840308650884,0.25951382080820684
5569.383151827114,0.11033335858905066,-0.14557786624128244,0.05225444516885568,0.25591122483033313
5574.2839092452505,0.11476925570474092,-0.12195627682751072,0.09572755390374187,0.23672553253225165
5579.184666663387,0.11852412449326463,-0.08559794789147082,0.1297169684673605,0.20412207238473545
5584.085424081523,0.12157356598733395,-0.04008350297716265,0.15055331551270648,0.1616570689644966
5588.98618149966,0.12389529253340016,0.010010447532250165,0.15586720216025898,0.11388484500115
5593.886938917797,0.12547159357347382,0.05947293345089998,0.1448473921177416,0.06599866012257383
5598.787696335934,0.12629413311963222,0.10306190638046045,0.11841063652238,0.023232226739171774
5603.688453754071,0.1263615757025866,0.13605117577002182,0.07910793644278699,-0.009689600067435217
5608.589211172207,0.12566818309754568,0.154703280685965,0.030981428252571015,-0.029035097588419323
5613.489968590344,0.12421869108793046,0.15677665883674885,-0.020920428131449745,-0.03255796774881839
5618.390726008481,0.12201991152595973,0.14177933638474183,-0.07097010517896722,-0.0197594248587821
5623.291483426618,0.11908383805619206,0.11110462569355953,-0.1136407191723699,0.007979212362632535
5628.192240844754,0.11542595857552596,0.06788527011489169,-0.1441090798918645,0.047540688460634264
5633.09299826289,0.11106855645965046,0.016781396310724266,-0.15877046402599207,0.09428716014892619
5637.993755681027,0.10603509641013407,-0.03659753942058637,-0.15575989936138293,0.14263263583072044
5642.894513099164,0.10034849117125451,-0.08625549247596323,-0.13515796592449963,0.18660398364721775
5647.795270517301,0.09405020395703778,-0.12647480182497084,-0.09906615130749938,0.22052500578200862
5652.696027935438,0.08717600466022954,-0.15253285340760925,-0.05141926051472972,0.2397088580678388
5657.596785353574,0.07976630919753663,-0.16124703110297842,0.0024726330336541287,0.24101334030051505
5662.497542771711,0.07186409918158358,-0.15138066376553466,0.05642449565181984,0.22324476294711826
5667.398300189848,0.0635175945935171,-0.1238561161107329,0.1041678899319496,0.18737371070425
5672.299057607985,0.054777081181817455,-0.081678107412562,0.14003366718392635,0.13645518859437944
5677.1998150261215,0.04569437912497816,-0.029634659072785122,0.15966052988511067,0.07532903819776328
5682.1005724442575,0.03632440467717911,0.026237372902035216,0.16053044376568032,0.010087031775143893
5687.001329862394,0.02672281949900231,0.07932757883891167,0.14232509492465756,-0.052604759339909365
5691.902087280531,0.016948449151048105,0.12328586154467758,0.10697123656361228,-0.10633741239362947
5696.802844698668,0.007060351281502172,0.15268137043895663,0.058533492310202856,-0.14562101915745446
5701.703602116805,-0.0028813622606700387,0.16380477698727147,0.0026836687243493385,-0.1666861392479415
5706.604359534941,-0.012815874039354889,0.15505311931802013,-0.05388890738070936,-0.167868993357375
5711.505116953078,-0.02268206637031223,0.12723326124954007,-0.10425860042813083,-0.1499153276198523
5716.405874371215,-0.032419038316878694,0.08349737234069303,-0.1421499628450681,-0.11591641065757172
5721.306631789352,-0.04196636279366841,0.02902428562254063,-0.16267565533956813,-0.07099064841620904
5726.207389207489,-0.05126617815036701,-0.029528743383020264,-0.16300267044082223,-0.02173743476734675
5731.108146625625,-0.060259107683147045,-0.08488725323739416,-0.1427634859701459,0.02462814555424711
5736.0089040437615,-0.06889174832799905,-0.12996179684368733,-0.10416387741413274,0.061070048515688286
5740.909661461898,-0.0771071820612809,-0.15879210694833681,-0.05182921849799806,0.08168492488705592
5745.810418880035,-0.08485747853908499,-0.16736216702936152,0.007745483947108867,0.08250468849027653
5750.711176298172,-0.09209085783034315,-0.1541665582775921,0.06692872194640298,0.062075700447248944
5755.611933716308,-0.09876436061334945,-0.12049947201281636,0.11793758211645293,0.021735111399466905
5760.512691134445,-0.10483402019445767,-0.07042956694035592,0.1538043272336407,-0.034404453254101755
5765.413448552582,-0.11026138464753724,-0.01033572128845161,0.16941018335444638,-0.09992566335908562
5770.314205970719,-0.11501169254988107,0.051834426269706996,0.1622116224933019,-0.16684611881958805
5775.214963388856,-0.11905552384478367,0.10761426759330957,0.13270821532979996,-0.22666979143809324
5780.115720806992,-0.12236386424178405,0.14912203649928515,0.08454191274527896,-0.2714859007410692
5785.016478225129,-0.12491611367937996,0.17029191674824287,0.024017723144881497,-0.29520803042762284
5789.9172356432655,-0.1266951887947362,0.16768179126445618,-0.04054509356931212,-0.2943769800591924
5794.817993061402,-0.1276877632978057,0.1412042492427193,-0.10001138034065189,-0.26889201254052497
5799.718750479539,-0.12788645469776524,0.0941984807526219,-0.14574728775509688,-0.22208493545038716
5804.619507897675,-0.12728887764129182,0.033094269799346016,-0.1708429186329184,-0.16038314744063784
5809.520265315812,-0.12589775104930342,-0.03341258712371616,-0.17124397471548572,-0.09248516392558725
5814.421022733949,-0.12371782983082119,-0.09560614324166601,-0.14646298422592918,-0.02811168658915518
5819.321780152086,-0.12076341526836314,-0.14416132572074825,-0.0997614409633629,0.02339791045238511
5824.222537570223,-0.11705037890742118,-0.17159459939694566,-0.037788396128704174,0.05454422048952448
5829.123294988359,-0.11260091180839282,-0.17344386743292087,0.030374571825336285,0.060842955624528045
5834.024052406496,-0.10744156846498487,-0.14903631870536035,0.09445561613187127,0.04159475024037548
5838.924809824633,-0.10160221929190669,-0.10172230564232032,0.1446178376681977,0.00012008635041363402
5843.8255672427695,-0.09511982394141613,-0.03840919352937952,0.17295595675734005,-0.05671063041203661
5848.726324660906,-0.088032218090785,0.03130753107374928,0.17475070058148054,-0.11933974916453427
5853.627082079042,-0.08038488363237875,0.09669163503344169,0.14934118281720013,-0.17707651866582044
5858.527839497179,-0.07222271658873651,0.14742346488246164,0.10030602456920994,-0.21964618147119813
5863.428596915316,-0.06359661798306163,0.17528051220305363,0.034972417736288,-0.23887713018611526
5868.329354333453,-0.0545607659703555,0.175434134092517,-0.03648513912419984,-0.22999490006287251
5873.23011175159,-0.04517070215326917,0.147386410160352,-0.10276946087765236,-0.19255711231362116
5878.130869169726,-0.03548528287422496,0.09515635339571082,-0.15303355980596614,-0.1306416362699358
5883.031626587863,-0.02556514488136894,0.02678658226634911,-0.17878073649533627,-0.05235172714771805
5887.932384006,-0.015472917740622651,-0.046795330220697144,-0.17524436401599955,0.031322412480074495
5892.833141424137,-0.00527166243840003,-0.11342177369938386,-0.14237769308823311,0.10815011126098382
5897.733898842273,0.0049738804056734705,-0.16172451772997104,-0.08502975429577658,0.16669839813564452
5902.634656260409,0.015198800468811741,-0.18301590725478817,-0.012428253647377112,0.19821470772359992
5907.535413678546,0.025338286793805172,-0.17295582894156944,0.06334433733811638,0.19829411573537462
5912.436171096683,0.035327487992152386,-0.13247174671219403,0.12907668459727212,0.1677992347043464
5917.33692851482,0.04510279427649444,-0.06794928547766844,0.1728621447999794,0.11305207975416288
5922.237685932957,0.05460114128668812,0.009682976765859986,0.18627447183600396,0.04491816452082813
5927.138443351093,0.0637619917273579,0.08667346758989145,0.16604854229839822,-0.022911475862533545
5932.03920076923,0.0725257572815997,0.14880443208795624,0.11502769131652135,-0.07627867480635654
5936.939958187367,0.08083602985131433,0.18412733024234948,0.041890777174824416,-0.10329130039103515
5941.840715605504,0.08863836200967357,0.18526566627535257,-0.04010001716114863,-0.096627304265679
5946.7414730236405,0.09588218858133844,0.15116896928547294,-0.11551517954963524,-0.055286780704134494
5951.6422304417765,0.10251908459276578,0.08754968448408545,-0.16965321301652292,0.014969400108680322
5956.542987859913,0.10850676743184759,0.006181619606620537,-0.19143644754042347,0.10232514782522706
5961.44374527805,0.1138040230039736,-0.07734304417209542,-0.17587302466075638,0.19114706717606902
5966.344502696187,0.11837814255950194,-0.14640740944564432,-0.12527006084752818,0.26478555200514625
5971.245260114324,0.12219592202188653,-0.18688572613326884,-0.049065343130370226,0.3090816481551554
5976.14601753246,0.12522758095132655,-0.19001735239415266,0.03778872692354843,0.3152449333454792
5981.046774950597,0.12745490344172328,-0.154448974315658,0.11781361507265799,0.28190387775738124
5985.947532368734,0.1288642967756419,-0.08676224658823453,0.1743734252269433,0.21562654336387643
5990.848289786871,0.1294407026936975,-0.000412897830298693,0.19529787171075555,0.1298536005239962
5995.749047205008,0.12918321638298122,0.08692619068661872,0.17550792596197415,0.0422570256963625
6000.649804623144,0.12808927882928695,0.15677698169071946,0.11837184238717052,-0.028687702861432518
6005.5505620412805,0.12616537715066498,0.19390333357600015,0.035278411371724314,-0.06773795642533517
6010.451319459417,0.12342146320747052,0.1895500027346079,-0.05644311212695868,-0.06612853952713738
6015.352076877554,0.11987503537208956,0.14368714359160883,-0.13698203096484998,-0.023812108219519276
6020.252834295691,0.11554604831945664,0.06539576912934013,-0.1882946062858989,0.05015027919011651
6025.153591713827,0.11046193686865997,-0.028714650066943497,-0.19811995218284464,0.13917658693560347
6030.054349131964,0.10465328914245156,-0.11771249667511799,-0.16305318698585433,0.22236578581756955
6034.955106550101,0.09815672896446599,-0.1810002147243644,-0.08983910454657915,0.2791569436888304
6039.855863968238,0.0910137646153666,-0.20299279188596894,0.005620411210557624,0.29400655650133556
6044.756621386375,0.0832686614111059,-0.177162140514926,0.1013425940512724,0.26043080192603185
6049.657378804511,0.07496838480395832,-0.10817284327161009,0.1743099392498219,0.1831412280755684
6054.558136222648,0.06616655550817854,-0.011520908438161552,0.20586923862097667,0.0776874639463401
6059.4588936407845,0.05692339751607201,0.0896538278889287,0.18682795738071084,-0.03273043037285669
6064.359651058921,0.047297605846418,0.16992931276108245,0.12036457219722647,-0.12263170691466445
6069.260408477058,0.03735075397960833,0.2080597461420158,0.022006607265708085,-0.17070899216240748
6074.161165895194,0.027147710117985037,0.19281179752611663,-0.08361146602607689,-0.1656640874081316
6079.061923313331,0.016754768387651157,0.12662550627018893,-0.1688559474418902,-0.10987073788253776
6083.962680731468,0.006239645289434572,0.025723641904784773,-0.21035238684042967,-0.0194839966153502
6088.863438149605,-0.004328895662335776,-0.08353785430458303,-0.19565275260142184,0.07920895864224725
6093.764195567742,-0.014881701181828874,-0.1714535207770836,-0.12728300675720472,0.1565718195952547
6098.664952985878,-0.0253482015031743,-0.21310432133888094,-0.022804773270934095,0.18775611983570664
6103.565710404015,-0.03565858189576574,-0.19561813588681864,0.08946525561640233,0.1599595539910529
6108.466467822152,-0.045744886819543716,-0.12243075178630225,0.17783133644942736,0.07668586496675853
6113.3672252402885,-0.05554032898423725,-0.01309300935611941,0.21633683774673565,-0.04244731962811784
6118.267982658425,-0.06497997501899028,0.10159879066801343,0.19243379527028787,-0.1665787656870037
6123.168740076561,-0.07400048950903203,0.1880019240963658,0.11140979383242638,-0.26200241360539783
6128.069497494698,-0.08254133298033639,0.21948256386055184,-0.004198220683877817,-0.30202389684088826
6132.970254912835,-0.09054580751801229,0.18481445645155348,-0.12041643701293274,-0.27536026396956576
6137.871012330972,-0.09795457133869345,0.0925238384094813,-0.20148182847635948,-0.19047840974817476
6142.771769749109,-0.10471663164649371,-0.03045832344388336,-0.2208053263283504,-0.07425830820261035
6147.672527167245,-0.11078978372342867,-0.14600830110360602,-0.17005347434507972,0.03521851738017735
6152.573284585382,-0.11613328503386385,-0.21640045766474184,-0.06312137621404809,0.10026717263087799
6157.474042003519,-0.12071018895004455,-0.2166728966706154,0.06676650679806845,0.09596270772057085
6162.374799421656,-0.12448671323145002,-0.1440740298855635,0.17676998594107018,0.01958731665411348
6167.275556839792,-0.12743630590886051,-0.020705858861473476,0.22842550930572472,-0.10673044704738704
6172.176314257928,-0.1295290776949555,0.11229331763559242,0.20148551145905771,-0.24182239533054792
6177.077071676065,-0.13075496727625532,0.20803663859594015,0.10256711996375566,-0.3387916058721955
6181.977829094202,-0.13110785475589057,0.23052243084143995,-0.035237464989438146,-0.3616302855973305
6186.878586512339,-0.1305840776834982,0.168823129569072,-0.16265395832074483,-0.2994072072525702
6191.779343930476,-0.12918288712441675,0.042982588290957836,-0.23168829379851927,-0.17216547541537458
6196.680101348612,-0.1269129494225032,-0.10141879614177088,-0.21402912933522208,-0.025494153280732318
6201.580858766749,-0.12377385133120006,-0.20927101080117244,-0.11346609681220245,0.08549715946997238
6206.481616184886,-0.11980033438406022,-0.2369311157716928,0.0334405688410925,0.11713078138763257
6211.382373603023,-0.11501592000852459,-0.17049676624175544,0.16967066519373977,0.05548084623323085
6216.2831310211595,-0.10945197900974474,-0.03355278870942702,0.2394917596140004,-0.07589919030031772
6221.1838884392955,-0.10314256894165383,0.11987781090478355,0.21157276509958084,-0.22302037984643738
6226.084645857432,-0.09611875703208952,0.22580354163894023,0.09395915370617894,-0.3219222986710297
6230.985403275569,-0.08843686870755801,0.23689084541654104,-0.06638294760863767,-0.32532771412409905
6235.886160693706,-0.08014860671375004,0.14448120477553605,-0.20094868769412016,-0.2246298114892861
6240.786918111843,-0.07130787813605442,-0.014381762659489943,-0.24859548564681988,-0.05692611547656448
6245.687675529979,-0.061972485412513455,-0.1700449031832037,-0.1840030652680158,0.10807241777069024
6250.588432948116,-0.05219836840877639,-0.24998594509919742,-0.032525314991421195,0.19778757669042102
6255.489190366253,-0.042058801030341236,-0.21307541725926052,0.13760532556201763,0.17101661622891928
6260.38994778439,-0.031622173276799136,-0.07228483732380193,0.24475826802628525,0.0406626640470028
6265.290705202527,-0.020957692008133046,0.10721321177956594,0.23333756821969912,-0.128170903787699
6270.191462620663,-0.01013653646812739,0.23651630078814612,0.10406003033887547,-0.24665283725627352
6275.0922200387995,0.0007676931464606923,0.2469146911725007,-0.081590895111269,-0.24614699802604
6279.992977456936,0.011678955399971417,0.12772888597239843,-0.22846961685694955,-0.116049930572427
6284.893734875073,0.02252400683576859,-0.06280929557238707,-0.2559236827313059,0.08533330240815566
6289.79449229321,0.03322746268281554,-0.22328686052350952,-0.14337223563079413,0.25651432320632506
6294.695249711346,0.04371337654830837,-0.26204669841299477,0.052501404371745476,0.30576007496130314
6299.596007129483,0.05391228431784541,-0.1508646131711929,0.22294230909156895,0.20477689748903832
6304.49676454762,0.06375561185573361,0.05197425511246073,0.2661100135784805,0.01178135674327288
6309.397521965757,0.07316904670439583,0.2283948571410174,0.14966926371277192,-0.15522581043662156
6314.298279383894,0.08208560309432593,0.2678501212097872,-0.06202643571489044,-0.18576451811546124
6319.19903680203,0.09044868513868284,0.13885479380458046,-0.23938891955664168,-0.04840610866589762
6324.099794220167,0.09820198186946001,-0.08278451016911008,-0.26587908973314706,0.1809864920385701
6329.0005516383035,0.10527790070731234,-0.2544384179113201,-0.11724130131990164,0.35971631861863246
6333.90130905644,0.11163189894942752,-0.25785751892925646,0.11372756532337043,0.36948941787868395
6338.802066474577,0.11722550734163699,-0.08333155270222267,0.27103571717443775,0.20055706004385965
6343.702823892713,0.12201531344294958,0.15393989499085511,0.24035394022080278,-0.031924581547905534
6348.60358131085,0.12595008554894535,0.2853413648705869,0.03497001946305017,-0.15939127932164157
6353.504338728987,0.1290195323879108,0.20809693151786474,-0.20164241734040406,-0.07907739912995393
6358.405096147124,0.13120171050761625,-0.030292988069037557,-0.29070035473470346,0.1614946985766538
6363.305853565261,0.13246257875394496,-0.25182649327842116,-0.15358580052269005,0.3842890720323661
6368.206610983397,0.1327988754694901,-0.27571161089357926,0.1123363278970273,0.40851048636306936
6373.107368401534,0.13221498040090351,-0.0696668309224764,0.2922179171394161,0.2018818113233799
6378.008125819671,0.1307049657698713,0.20229071383169364,0.2254595464637529,-0.07158574806182233
6382.9088832378075,0.12826989579047707,0.30209409088454736,-0.042721371586085764,-0.1738241950940703
6387.809640655944,0.12494234808412451,0.12976906829940185,-0.2782190703936628,-0.004826720215277344
6392.71039807408,0.12073157830422625,-0.16674407637105246,-0.2597031439190483,0.2874756546752787
6397.611155492217,0.11566135026518087,-0.3101330578068459,0.0061151943803407615,0.4257944080720268
6402.511912910354,0.10977871351932388,-0.15437994606405558,0.27104024516204256,0.2641586595833795
6407.412670328491,0.1031145559681747,0.1587370936274582,0.27092038357847714,-0.05562253765928349
6412.313427746628,0.09571086619098823,0.31653589565903995,-0.007545765016549487,-0.22082502946805171
6417.214185164764,0.08763074364785126,0.14274938299440423,-0.2861298281103386,-0.05511863934655298
6422.114942582901,0.07891482335450413,-0.19389695932556344,-0.2587010212231285,0.27281178268006756
6427.015700001038,0.06963037532776047,-0.3202519312058281,0.06567114547857279,0.3898823065335886
6431.916457419175,0.059847642623063926,-0.07043151297051423,0.3225941033105317,0.13027915559357817
6436.817214837311,0.04962154484228379,0.2729196691816756,0.19057667259406386,-0.2232981243393918
6441.717972255447,0.03903369434290732,0.27874887137506427,-0.18537386036898734,-0.23971517703215695
6446.618729673584,0.028156031074205022,-0.07656457430322705,-0.3272247264591445,0.10472060537743208
6451.519487091721,0.017062663714303906,-0.3351720023321543,-0.03721805292553082,0.3522346660464582
6456.420244509858,0.0058355038131669805,-0.14234714259182862,0.3074108683542231,0.1481826464049956
6461.321001927995,-0.005448411769307703,0.2529827698663829,0.22896328926399284,-0.2584311816356906
6466.221759346131,-0.01670774209519482,0.2919498145894336,-0.18313099966583263,-0.3086575566846284
6471.122516764268,-0.02786169994636999,-0.10884488924808945,-0.3313005732859001,0.08098318930171947
6476.023274182405,-0.03883025619349015,-0.3507116431948716,0.03891696175949871,0.31188138700138146
6480.924031600542,-0.04953884942114305,-0.021667144635773787,0.35544701972739556,-0.02787170478536926
6485.8247890186785,-0.05989942850352123,0.3507296958387234,0.07177872726746767,-0.41062912434224463
6490.7255464368145,-0.0698485979041019,0.11220120279795351,-0.3407668438102277,-0.1820498007020554
6495.626303854951,-0.07930795424654886,-0.32876672693140335,-0.14426665660710492,0.2494587726848545
6500.527061273088,-0.08820849822734109,-0.16844683388129447,0.3182167242757278,0.08023833565395339
6505.427818691225,-0.09648957670265874,0.31298471228585867,0.18292693561093648,-0.4094742889885174
6510.328576109362,-0.1040793643291934,0.18476518505605455,-0.31606331662593784,-0.28884454938524795
6515.229333527498,-0.11094054716894768,-0.3285367966858745,-0.17031990263670269,0.2175962495169268
6520.130090945635,-0.11699418531270751,-0.1365876032353739,0.3467867256555813,0.019593417922666376
6525.030848363772,-0.12222295096310352,0.3633477113472096,0.08518821297037432,-0.48557066231031315
6529.931605781909,-0.12656570319202903,0.020542192210837838,-0.37202397184920516,-0.14710789540286687
6534.832363200046,-0.13000318753142046,-0.3678756510261948,0.05445143411172961,0.23787246349477434
6539.733120618182,-0.13249971538413952,0.13942888692316627,0.3453197467757266,-0.27192860230730576
6544.6338780363185,-0.13403853112536218,0.2921651123207408,-0.2346204951998125,-0.426203643446103
6549.534635454455,-0.13460773210214225,-0.3250440122082178,-0.18969933091527375,0.19043628010607558
6554.435392872592,-0.13419302452236098,-0.03519258771828356,0.37426616368693605,-0.09900043680407741
6559.336150290729,-0.132812410934442,0.3459196859194065,-0.14291767606422706,-0.47873209685384854
6564.236907708865,-0.1304449206470955,-0.2940437008627263,-0.22729752087680277,0.1635987802156308
6569.137665127002,-0.1271367654015155,-0.03578377745654456,0.36761682899508497,-0.09135298794497093
6574.038422545139,-0.12288319341868828,0.3160501191310772,-0.18860672857974933,-0.43893331254976553
6578.939179963276,-0.11773578434168111,-0.3489688696831391,-0.10653310880819643,0.231233085341458
6583.839937381413,-0.11171100389572039,0.18065033072731843,0.3110845546316338,-0.2923613346230388
6588.740694799549,-0.10486493302108729,0.06012451444022041,-0.350268942227641,-0.1649894474613077
6593.641452217686,-0.09723647857152437,-0.25523331571123864,0.24042772350399494,0.15799683713971427
6598.5422096358225,-0.08888692029660183,0.3352920948118576,-0.06790239438056479,-0.42417901510845946
6603.442967053959,-0.07986889177043972,-0.32223816631801777,-0.07547081375158089,0.24236927454757806
6608.343724472096,-0.07025331780114709,0.2751923161740312,0.16829604192614148,-0.3454456339751783
6613.244481890232,-0.06010567536937331,-0.21954389154731666,-0.22641298912422606,0.15943821617794335
6618.145239308369,-0.04950189954598205,0.17003556846434134,0.24880846805582482,-0.2195374680103234
6623.045996726506,-0.03851711415985401,-0.15371614080390955,-0.23523855830878157,0.11519902664405554
6627.946754144643,-0.02723365720827261,0.17440748250745178,0.20137725473046106,-0.2016411397157244
6632.84751156278,-0.015732977032720342,-0.20563079923815153,-0.15036865271543198,0.1898978222054312
6637.748268980916,-0.0041006598494440095,0.22077864186169313,0.06433617956059709,-0.22487930171113715
6642.649026399053,0.007577620305613851,-0.19587273442666808,0.05484283117500028,0.20345035473228193
6647.54978381719,0.019215509834025736,0.10855486158698743,-0.15563464867544485,-0.0893393517529617
6652.450541235326,0.03072504482099782,0.028347685644166242,0.16015682817886695,0.002377359176831576
6657.351298653463,0.04202316829244097,-0.11927704293101768,-0.038204300655511406,0.16130021122345864
6662.252056071599,0.05301935351595195,0.057629782435006306,-0.09043836062245508,-0.004610428919054353
6667.152813489736,0.0636398819181585,0.05630352890299751,0.05356283155947826,0.007336353015160994
6672.053570907873,0.07379136858245922,-0.022912272337662576,0.04505658171095526,0.09670364092012179
6676.95432832601,0.08341393236774093,-0.03782090288953598,-0.009865396451770083,0.12123483525727691
6681.855085744147,0.09241284341213571,0.00026863944297739103,-0.01619247574924105,0.09214420396915832
6686.755843162283,0.10073974307180464,0.007316616120513712,-0.011620153914121144,0.09342312695129093
6691.65660058042,0.10831365784707395,0.013795594205226637,0.001484932511255165,0.09451806364184731
6696.557357998557,0.11508911417278303,0.0039180539243751315,-0.013074699582030815,0.1111710602484079
6701.4581154166935,0.12100471786251292,-0.014456808828019186,-0.008224058054180526,0.1354615266905321
6706.35887283483,0.12601452320834924,-0.032270672621134304,0.026304114089941495,0.15828519582948355
6711.259630252966,0.1300859451828808,0.0588022976348811,0.023503836537702008,0.0712836475479997
6716.160387671103,0.13317040773345062,-0.026876630577265616,-0.058556456108114316,0.16004703831071623
6721.06114508924,0.1352657180898203,0.008805552229272562,0.06042352595077897,0.12646016586054773
6725.961902507377,0.13632190068901176,-0.021520774862998204,-0.032306221246639816,0.15784267555200995
6730.862659925514,0.13635668806457654,0.01641669506913198,0.0013869898721800998,0.11993999299544456
6735.76341734365,0.13535389017805452,0.008442869459276215,0.005838298014827818,0.1269110207187783
6740.664174761787,0.13331631392980775,8.516000608424153e-5,-0.015703114466441535,0.1332311539237235
6745.564932179924,0.1302739292599206,-0.01713930904840363,0.02219524664031437,0.14741323830832423
6750.465689598061,0.12621663256289292,0.009983498773592553,-0.011099940626801582,0.11623313378930036
6755.3664470161975,0.12120174682022306,-0.004304238003802598,-0.00879748713470987,0.12550598482402564
6760.2672044343335,0.11525476856904332,0.0014966210695061986,0.01452609282918723,0.11375814749953712
6765.16796185247,0.10840907571341091,0.005471075941538386,-0.007631388872453687,0.10293799977187253
6770.068719270607,0.10073210563553758,-0.002495575333931664,0.007804209185448911,0.10322768096946924
6774.969476688744,0.09226870628292869,-0.0017179369808886396,-0.005710003808369848,0.09398664326381732
6779.870234106881,0.08308250880244272,-0.00031797641732231606,0.00046894829544165363,0.08340048521976504
6784.770991525017,0.07324980996425348,-0.0002035184891488097,0.0014972292777735033,0.07345332845340229
6789.671748943154,0.06283702185393154,-0.00017939698798815045,-0.001706328191204727,0.06301641884191969
6794.572506361291,0.05192340460491323,0.0012698893822198824,0.0011677288848242423,0.050653515222693346
6799.473263779428,0.0405958060200932,-0.0006476639025615911,-0.0003434214854734014,0.04124346992265479
6804.374021197565,0.028939952068685774,0.00028887083950241614,3.7810980803926654e-5,0.028651081229183358
6809.274778615701,0.01704004914447787,-5.888688638445738e-5,-0.0003604381522195464,0.017098936030862325
6814.1755360338375,0.004992847458681429,-2.0838288405455523e-5,3.861142398039479e-5,0.005013685747086884
6819.076293451974,-0.00711044029815443,-0.00017341087887618064,-0.0001159680566668281,-0.006937029419278249
6823.977050870111,-0.019176587470021156,0.0019014623035391138,0.0018524356236112424,-0.02107804977356027
6828.877808288248,-0.031109686699652982,-0.005658677831236973,-0.0012403712129311325,-0.02545100886841601
6833.778565706384,-0.04281893013288642,0.003233216081652085,-0.00026520208483141297,-0.04605214621453851
6838.679323124521,-0.05421325020905679,-6.158656536815444e-5,-0.00141197550177638,-0.05415166364368863
6843.580080542658,-0.06519896210132325,-0.00042208181874717324,0.0030008609529323894,-0.06477688028257608
6848.480837960795,-0.07569098305729005,0.01181380765346748,-0.0023849761366717443,-0.08750479071075754
6853.381595378932,-0.08560712757133103,-0.013321970537560308,-0.004723284976331761,-0.07228515703377072
6858.282352797068,-0.09487209267974181,0.0075911622416315674,0.013621360923753293,-0.10246325492137337
6863.183110215205,-0.10339937189516758,-0.016444767729858527,-0.01912861149184951,-0.08695460416530906
6868.0838676333415,-0.11112912532358445,0.0046528218980602595,0.016031791833490277,-0.1157819472216447
6872.984625051478,-0.11799955314749208,0.006573541407850475,-0.007703242482170498,-0.12457309455534256
6877.885382469615,-0.12395714251723491,0.01580956013932014,-0.004053097995029081,-0.13976670265655505
6882.786139887751,-0.12893581674097923,-0.016196197433639693,0.036132625166092426,-0.11273961930733954
6887.686897305888,-0.13290503234152268,-0.0024530819005557547,-0.06139391311979689,-0.1304519504409669
6892.587654724025,-0.13583469613437943,-0.006389744723940866,0.06589475393369164,-0.12944495141043857
6897.488412142162,-0.13769912985786034,0.040713885171438015,-0.051967398596931766,-0.17841301502929835
6902.389169560299,-0.1384707811703612,-0.04682944515343525,-0.0021796279970753246,-0.09164133601692596
6907.289926978435,-0.13813964420759733,-0.004585805119791755,0.019090923426266268,-0.13355383908780558
6912.190684396572,-0.13671514982821364,0.012566845127051657,0.006383301807797752,-0.1492819949552653
6917.091441814709,-0.13420590031543853,0.01153792030882906,-0.013136033362143097,-0.14574382062426758
6921.992199232845,-0.13062514244811324,0.0075101582268734075,0.0021446162843147105,-0.13813530067498664
6926.892956650982,-0.1259941962675148,0.01878518349739871,0.009799600307186369,-0.1447793797649135
6931.793714069118,-0.12034649336432232,-0.01887078484507584,0.030199110365558477,-0.10147570851924648
6936.694471487255,-0.11373152206124239,-0.037074120263140206,0.001015865113810747,-0.07665740179810218
6941.595228905392,-0.10619742284523812,-0.02569014261416643,-0.07096983942017787,-0.08050728023107169
6946.495986323529,-0.09780260359853389,0.08506812281764933,-0.0154085409993477,-0.18287072641618324
6951.396743741666,-0.0886108513053998,0.022277322411883238,0.1171777444985606,-0.11088817371728303
6956.297501159802,-0.07869248023454985,-0.14568881616428367,-0.05929701032846732,0.06699633592973382
6961.198258577939,-0.06812257569935896,0.13958370682109467,-0.08891663346609881,-0.20770628252045364
6966.099015996076,-0.05698861745391396,-0.036224930267505735,0.19594680165075062,-0.020763687186408225
6970.9997734142125,-0.04537956944733362,-0.07957606013029332,-0.2135118315928904,0.0341964906829597
6975.900530832349,-0.033386132780306055,0.1718370000332457,0.1570435510001581,-0.20522313281355176
6980.801288250485,-0.021104819323113158,-0.2382724619589354,-0.08409909286867853,0.21716764263582222
6985.702045668622,-0.008633394150688417,0.2767130666782286,0.059485613256382325,-0.285346460828917
6990.602803086759,0.0039272825578860835,-0.28677258474225775,-0.07661988711483975,0.29069986730014385
6995.503560504896,0.016475665100946234,0.28571755451958736,0.09091759175790753,-0.26924188941864113
7000.404317923033,0.028910325869790383,-0.2893380422238642,-0.12046537445464832,0.3182483680936546
7005.305075341169,0.04112798631162115,0.2605024514635414,0.20558456108849477,-0.21937446515192024
7010.205832759306,0.0530294778906157,-0.15098787440793912,-0.3055107208878617,0.20401735229855483
7015.106590177443,0.06451606863027745,-0.0071844271782451116,0.34558822534173095,0.07170049580852256
7020.00734759558,0.07549396052889028,0.16461832289493764,-0.3108570607251171,-0.08912436236604736
7024.9081050137165,0.08587066127493154,-0.3119460033980541,0.17845625942291893,0.39781666467298565
7029.8088624318525,0.09555934801268888,0.3575167304632337,0.07688122258169398,-0.2619573824505448
7034.709619849989,0.10447927522699779,-0.17042220850629955,-0.3138844044243037,0.27490148373329737
7039.610377268126,0.1125570193776453,-0.15422420603603257,0.3290787520397031,0.2667812254136779
7044.511134686263,0.11971698253630252,0.3626030555379062,-0.10023607368051259,-0.2428860730016037
7049.4118921044,0.1259025752952506,-0.29961178021872026,-0.22808501418966226,0.4255143555139709
7054.312649522536,0.1310582747151574,-0.04383145322857755,0.36629411622841856,0.17488972794373497
7059.213406940673,0.135138764214666,0.35241951803866994,-0.08933392392994757,-0.21728075382400394
7064.11416435881,0.13810708660149532,-0.21771988436964104,-0.3159779151341247,0.35582697097113636
7069.014921776947,0.13993719485207418,-0.2045738902255412,0.3343575716662514,0.3445110850776154
7073.915679195083,0.140609323016386,0.36927866885934385,0.06144690889675393,-0.22866934584295784
7078.81643661322,0.14011498733508937,-0.04438824821149828,-0.3749946159808869,0.18450323554658765
7083.7171940313565,0.13845510590108004,-0.36095579138467077,0.151463468181933,0.49941089728575083
7088.617951449493,0.13564110141067917,0.20112940292479292,0.29736359094217946,-0.06548830151411375
7093.51870886763,0.13168376491588515,0.2980244577290409,-0.189995848222736,-0.16634069281315575
7098.419466285766,0.1266195150755286,-0.2273740237977228,-0.29634124740479106,0.3539935388732514
7103.320223703903,0.12048914036697433,-0.274873372608969,0.23734509029788706,0.3953625129759433
7108.22098112204,0.11334000675185933,0.24140408363213395,0.2663502839059934,-0.1280640768802746
7113.121738540177,0.1052302615960354,0.2721142417275454,-0.25387446835624217,-0.16688398013151
7118.022495958314,0.09622260867751119,-0.2631099051952278,-0.26658674446357133,0.359332513872739
7122.92325337645,0.08639234119919956,-0.26879529916467315,0.23231604225247618,0.35518764036387274
7127.824010794587,0.07581212371938857,0.1806033496258564,0.3044751792254431,-0.10479122590646782
7132.724768212724,0.06457597680922185,0.3094940775454992,-0.13115664743797376,-0.24491810073627734
7137.6255256308605,0.05277762592137256,-0.023232574344306534,-0.33242333323809603,0.07601020026567909
7142.526283048997,0.04051398824512665,-0.34978438305923504,-0.033922082463455516,0.3902983713043617
7147.427040467133,0.0278867064359089,-0.11720550346582495,0.35065280816213135,0.14509220990173385
7152.32779788527,0.015000019428576865,0.3415228043821323,0.14925578799991776,-0.3265227849535554
7157.228555303407,0.001965189606165222,0.2216959484019761,-0.28788112511246033,-0.21973075879581086
7162.129312721544,-0.011107716659098849,-0.23675030030798502,-0.2698975599322382,0.22564258364888617
7167.030070139681,-0.024108415603301705,-0.29761370955142946,0.1302790228499791,0.2735052939481278
7171.930827557817,-0.036924584420672035,-0.014007742701983478,0.31569987122015175,-0.022916841718688557
7176.831584975954,-0.04944572894707815,0.27141352936580376,0.11304445915596631,-0.3208592583128819
7181.732342394091,-0.06156535238159725,0.25560273677160356,-0.1483635720944439,-0.3171680891532008
7186.633099812228,-0.07318024298134139,-0.04328252567661923,-0.3497390026295846,-0.02989771730472216
7191.533857230364,-0.08418376733595552,-0.34040059690284,-0.04199832772162315,0.2562168295668845
7196.4346146485,-0.09448038107597741,-0.17897539217313663,0.24686651248443262,0.08449501109715922
7201.335372066637,-0.10398448021357118,0.13919244558778118,0.30776579674002286,-0.24317692580135236
7206.236129484774,-0.11261102857195267,0.3086009767222568,-0.06176185189769604,-0.42121200529420944
7211.136886902911,-0.12027052048795972,0.16271452775505235,-0.2598494303399204,-0.28298504824301207
7216.037644321048,-0.12690891862336934,-0.2019069541959648,-0.2502307262633417,0.07499803557259546
7220.938401739184,-0.13246557879329549,-0.30827663390077054,0.017725363964488202,0.17581105510747505
7225.839159157321,-0.13687215068361966,-0.15170966325944615,0.28689210019741834,0.014837512575826495
7230.739916575458,-0.14010187222377113,0.17663266505905797,0.23991819650107618,-0.3167345372828291
7235.640673993595,-0.142125517425649,0.2621778316887185,0.02945291503984856,-0.4043033491143675
7240.5414314117315,-0.14290220260617803,0.22556125098137098,-0.19044310768509884,-0.368463453587549
7245.4421888298675,-0.14244189066569088,-0.08990956602058456,-0.27485126678134014,-0.05253232464510632
7250.342946248004,-0.14073534221686493,-0.2386367679421005,-0.15090186223652355,0.09790142572523558
7255.243703666141,-0.13779313265876741,-0.26959706867794025,0.1493530634439195,0.13180393601917284
7260.144461084278,-0.13364235885506565,-0.03155006951797133,0.3081058416586704,-0.10209228933709431
7265.045218502415,-0.12830555776562658,0.2412421470434572,0.20636105234225222,-0.3695477048090838
7269.945975920551,-0.12184194735914387,0.3208085737560467,-0.08669453169486305,-0.4426505211151906
7274.846733338688,-0.1142819942421059,0.07217435551202805,-0.30297618488821787,-0.18645634975413394
7279.747490756825,-0.10571194011739521,-0.15747331865389635,-0.19696976584203757,0.051761378536501146
7284.648248174962,-0.0961873094932314,-0.256789045354473,-0.1072773536466089,0.1606017358612416
7289.549005593099,-0.08580146306447348,-0.20135115629036815,0.19618167251715893,0.11554969322589467
7294.449763011235,-0.07463252561288007,-0.03830208607848464,0.24465104370544757,-0.03633043953439543
7299.3505204293715,-0.06278776762088552,0.1413777547199912,0.2600038407251071,-0.2041655223408767
7304.251277847508,-0.050359179043149196,0.2913870875730357,-0.027705847127963,-0.3417462666161849
7309.152035265645,-0.03746457004013462,0.18257194739383456,-0.16269421059104258,-0.22003651743396918
7314.052792683782,-0.02421192133796978,0.06119011094264022,-0.27463988405285167,-0.08540203228061
7318.953550101918,-0.010720558235328108,-0.2213745402841335,-0.16581059827005426,0.2106539820488054
7323.854307520055,0.002890264488935214,-0.2623218396591213,-0.04991221117276764,0.2652121041480565
7328.755064938192,0.01649968856406623,-0.21170604083186279,0.21618066586081172,0.228205729395929
7333.655822356329,0.029984458332749132,0.05401545348722488,0.2610133630196979,-0.02403099515447575
7338.556579774466,0.0432251086840876,0.168608395193732,0.2248660082378202,-0.1253832865096444
7343.457337192602,0.05610205945619064,0.2799379077098033,-0.057475581874417175,-0.2238358482536127
7348.358094610739,0.06849303072023444,0.11768476404542755,-0.18279001178697013,-0.04919173332519311
7353.2588520288755,0.08028992370623288,0.08596295075378547,-0.229407131564274,-0.005673027047552598
7358.159609447012,0.09138430410268136,-0.17547952819659185,-0.16716050984691735,0.26686383229927324
7363.060366865149,0.10167426246951114,-0.23184415182947796,-0.1326631907394035,0.3335184142989891
7367.961124283285,0.11105621876816069,-0.20879163356935018,0.1630604348898431,0.3198478523375109
7372.861881701422,0.11944752969604636,-0.09898117224933141,0.19806385941897883,0.21842870194537778
7377.762639119559,0.1267702426854216,-0.0021995678496635187,0.27602834982132207,0.12896981053508513
7382.663396537696,0.13295424910946715,0.25123859583480923,0.1056843914132413,-0.11828434672534208
7387.564153955833,0.13793859462235716,0.2647726420463191,0.043764473554189116,-0.12683404742396195
7392.464911373969,0.14166937547545486,0.14057557050410638,-0.22293470339001473,0.0010938049713484777
7397.365668792106,0.14410928511491403,0.029233567022673657,-0.20796758099169388,0.11487571809224037
7402.266426210243,0.1452349109184781,-0.06450253520783873,-0.23872913672192556,0.20973744612631684
7407.1671836283795,0.14503065172725163,-0.2637842886517498,-0.10165965084214344,0.40881494037900146
7412.067941046516,0.14349477983453138,-0.2634382510061924,0.09768776526612803,0.40693303084072374
7416.968698464652,0.14063598264610672,-0.13475883028923136,0.24903828564648023,0.2753948129353381
7421.869455882789,0.13647579649570357,0.10559207224847447,0.22516780691466384,0.0308837242472291
7426.770213300926,0.13104805386674812,0.1531962668468615,0.21604648237661836,-0.02214821298011338
7431.670970719063,0.12439769810181962,0.2607990663242786,-0.05304720158671175,-0.13640136822245896
7436.5717281372,0.1165811591090147,0.1887882178740515,-0.12601212315486057,-0.0722070587650368
7441.472485555336,0.1076691906083499,0.08427997875372054,-0.22991651505117633,0.02338921185462936
7446.373242973473,0.09773888888655582,-0.07250851048130924,-0.2417470078895393,0.17024739936786507
7451.27400039161,0.08688191821109775,-0.21093436012041858,-0.06835003676379672,0.29781627833151636
7456.174757809747,0.07519423234288607,-0.21603541919441546,-0.09946418897558174,0.2912296515373015
7461.075515227883,0.06278222664219314,-0.1540551817664277,0.17650218876091084,0.21683740840862087
7465.976272646019,0.04975973793989344,-0.08947797006606151,0.15576295198035076,0.13923770800595495
7470.877030064156,0.036246941166253516,-0.07402154829793021,0.2308089546782491,0.11026848946418373
7475.777787482293,0.022367736613631697,0.19785633669809413,0.13415198682846324,-0.17548860008446243
7480.67854490043,0.008251706061569969,0.1771481568872621,0.1561746399885515,-0.16889645082569213
7485.579302318567,-0.005968330062954579,0.20063039941979738,-0.12641272925187597,-0.20659872948275196
7490.480059736703,-0.02015922957377395,0.20227333667145628,-0.08945577407169462,-0.22243256624523022
7495.38081715484,-0.034187345632847685,0.05185841862028623,-0.2486303389837709,-0.08604576425313391
7500.281574572977,-0.04791895413364132,-0.14594889161799957,-0.1610687308101602,0.09802993748435825
7505.182331991114,-0.06122150688437636,-0.11306292264295188,-0.18223043147718954,0.051841415758575524
7510.0830894092505,-0.07397108733378373,-0.24332571404148956,-0.018601647120463128,0.16935462670770585
7514.9838468273865,-0.08604005109429451,-0.21180176293324507,0.12202032558516232,0.12576171183895057
7519.884604245523,-0.09731436614029987,-0.10757777232901464,0.22281315177847133,0.010263406188714769
7524.78536166366,-0.10768247111894269,0.037898065431242654,0.25017912428361366,-0.14558053655018535
7529.686119081797,-0.11704111473843906,0.17888059143313165,0.1902363544195836,-0.2959217061715707
7534.586876499934,-0.12530088759591307,0.22764845038006506,-0.02978175872271889,-0.35294933797597816
7539.48763391807,-0.132369446322458,0.25173402999611,0.008180267674951301,-0.384103476318568
7544.388391336207,-0.13818896181722562,-0.01934573308575211,-0.24536870301802516,-0.11884322873147352
7549.289148754344,-0.14268208795161236,0.13489165367785969,-0.13461885691616576,-0.277573741629472
7554.189906172481,-0.1458185734353262,-0.04593108705114439,-0.19893823908609498,-0.09988748638418181
7559.090663590618,-0.14754412966571678,-0.14222882940597323,-0.1547120214573514,-0.005315300259743555
7563.991421008754,-0.14785254980330248,-0.20498807965697347,-0.06504063467909792,0.057135529853670985
7568.8921784268905,-0.14673141018053784,-0.21353506414544585,0.046708256293057526,0.066803653964908
7573.792935845027,-0.1441799386233766,-0.16302243566217692,0.14852405357562165,0.01884249703880031
7578.693693263164,-0.1402234699208397,-0.06714877569545231,0.21040129191128298,-0.07307469422538738
7583.594450681301,-0.1348951620743733,0.04621114768481382,0.2147228909582248,-0.18110630975918712
7588.495208099437,-0.12824061514613735,0.14469637590998868,0.16185612578575045,-0.272936991056126
7593.395965517574,-0.12032095944827173,0.2021684586554149,0.0688660265276722,-0.32248941810368664
7598.296722935711,-0.11120744448162093,0.20607011248526869,-0.03737900191737438,-0.31727755696688964
7603.197480353848,-0.10098639622801277,0.06950556145307936,-0.17977182326095165,-0.17049195768109213
7608.098237771985,-0.08975213412636841,0.15480716191257599,-0.08574390386871354,-0.24455929603894438
7612.998995190121,-0.07761182857664395,0.09246489529457284,-0.24683745265749832,-0.1700767238712168
7617.899752608258,-0.06468244347006949,-0.20739259599679255,-0.1590090834497118,0.14271015252672306
7622.8005100263945,-0.05108830405433023,-0.17236908022917463,-0.1926602483276326,0.1212807761748444
7627.701267444531,-0.0369610533026264,-0.23244299119764786,0.10717039433402975,0.19548193789502147
7632.602024862668,-0.022438879669519872,-0.16197098553030956,0.10333259198140642,0.13953210586078968
7637.502782280804,-0.0076645562933321705,-0.20033686144835672,0.17561540091371852,0.19267230515502454
7642.403539698941,0.007216322488206974,0.10753503164091788,0.24011257173766853,-0.1003187091527109
7647.304297117078,0.022056199185576397,0.10869885995322191,0.17352483377044808,-0.08664266076764551
7652.205054535215,0.03670708323120792,0.18301009834040394,0.105551723364827,-0.14630301510919602
7657.105811953352,0.05102026226310071,0.2185413383402193,0.006584816269272606,-0.16752107607711858
7662.006569371488,0.06485460519067461,0.100810207728437,-0.16393912498948257,-0.03595560253776239
7666.907326789625,0.07806407047847588,0.21294029491585692,-0.07634997550014527,-0.13487622443738104
7671.808084207762,0.09051991128017395,-0.06831926352362515,-0.20088031635973083,0.1588391748037991
7676.7088416258985,0.10208986787024239,0.07643130078504506,-0.21903620813130414,0.02565856708519733
7681.609599044035,0.11265220284151886,-0.21089565417269077,-0.07632205421855477,0.3235478570142096
7686.510356462171,0.12210000349987071,-0.1293826853665078,-0.07042175009682813,0.2514826888663785
7691.411113880308,0.13033205969306116,-0.19781294414394343,-0.13816890555511027,0.3281450038370046
7696.311871298445,0.13726001407444394,-0.13743293624475625,0.19204925634092787,0.27469295031920016
7701.212628716582,0.14280828196496942,-0.23062582130256196,0.07136095984993339,0.37343410326753135
7706.113386134719,0.14691484381125036,0.06808835056350919,0.22845058478637467,0.07882649324774117
7711.014143552855,0.14953201425058338,0.025011986244285144,0.15170947624937384,0.12452002800629823
7715.914900970992,0.1506272374403117,-0.0009573770402757822,0.22519739348558307,0.1515846144805875
7720.815658389129,0.15018396112165355,0.23585439071185627,0.002417639590091529,-0.08567042959020271
7725.716415807266,0.1482018784754917,0.17713177544915554,0.14009028973850027,-0.028929896973663827
7730.617173225402,0.1446876354747753,0.14128907441038752,-0.17656223244670674,0.003398561064387795
7735.517930643538,0.13968014576656168,0.21347605156682112,-0.04350401839169444,-0.07379590580025944
7740.418688061675,0.13321885531701666,-0.04274808034884086,-0.2183040520875007,0.17596693566585753
7745.319445479812,0.1253702470139904,0.10233478609940362,-0.17885481697242014,0.02303546091458679
7750.220202897949,0.11620446843838649,-0.11274422850342558,-0.19962977829754763,0.22894869694181208
7755.120960316086,0.10581309019273576,-0.19071405026164528,-0.12392068872588863,0.29652714045438106
7760.021717734222,0.09429975969882426,-0.22601199223950766,-0.022159268456187133,0.32031175193833195
7764.922475152359,0.08178038088262138,-0.21203552543494603,0.08469808071339784,0.2938159063175674
7769.823232570496,0.06837897320725934,-0.15109862607721014,0.17493863979785662,0.21947759928446947
7774.723989988633,0.054233607605132246,0.06561586846468258,0.19493366583376284,-0.011382260859550332
7779.6247474067695,0.039488223033364966,-0.08873739364185576,0.21274139818303597,0.12822561667522073
7784.5255048249055,0.02429630581502769,0.20156760796418535,0.08597939380267704,-0.17727130214915765
7789.426262243042,0.008813921665108934,0.11974514857078658,0.08141968083501172,-0.11093122690567765
7794.327019661179,-0.006796114991017496,0.18367966848635792,0.16487897839229917,-0.19047578347737543
7799.227777079316,-0.02237006222150524,0.16007899940948955,-0.17542246789804586,-0.18244906163099478
7804.128534497453,-0.03774291116890746,0.12296635247660677,-0.0909029537352363,-0.16070926364551424
7809.029291915589,-0.05275061213114121,0.08706403755505095,-0.14514779251241633,-0.13981464968619217
7813.930049333726,-0.06723325016877009,0.023934507887586953,-0.16510109663709843,-0.09116775805635705
7818.830806751863,-0.08103454317159155,-0.041224396179936,-0.16500168890208186,-0.03981014699165555
7823.73156417,-0.09400409996022181,-0.10256851512071156,-0.13904103212449284,0.008564415160489752
7828.632321588137,-0.10600035834315243,-0.14968400893102707,-0.09035821271594854,0.04368365058787464
7833.533079006273,-0.11688943981020548,-0.17421059437338418,-0.02637175786220678,0.0573211545631787
7838.4338364244095,-0.12655224287509811,-0.1716191578612327,0.0424932967449544,0.045066914986134576
7843.334593842546,-0.13487725399277625,-0.14221723754688378,0.10480972266014435,0.007339983554107532
7848.235351260683,-0.14177138142622,-0.0910784784516914,0.15040003209293692,-0.05069290297452861
7853.13610867882,-0.1471520621513695,-0.026939744055987987,0.17226945258323167,-0.12021231809538152
7858.036866096956,-0.1509558078284281,0.039625564681914624,0.1677587964088341,-0.19058137251034274
7862.937623515093,-0.15313377773259224,0.18958368544885854,0.01977446033713688,-0.3427174631814508
7867.83838093323,-0.1536556137915524,-0.0013977988159607439,0.18621910541553757,-0.15225781497559165
7872.739138351367,-0.152508401636367,0.16415014451421955,0.0523197654025838,-0.31665854615058653
7877.639895769504,-0.1496974841264804,0.15505702317613723,-0.011500070216852174,-0.30475450730261766
7882.54065318764,-0.14524525496523322,0.2505116281990787,0.028819735831564816,-0.3957568831643119
7887.441410605777,-0.13919329167414984,0.029739449325391257,-0.2515798524400662,-0.1689327409995411
7892.3421680239135,-0.13160217727822618,0.043726942383278136,-0.14732255114678341,-0.17532911966150433
7897.24292544205,-0.1225465662699035,0.11009242110452201,-0.2178642094561213,-0.2326389873744255
7902.143682860187,-0.11212037211789824,-0.21698599414083963,-0.10982745803621173,0.10486562202294139
7907.044440278323,-0.10043298285803333,-0.08942840778630992,-0.22671677433334006,-0.011004575071723408
7911.94519769646,-0.08760617152422412,-0.2238936122725221,0.08826607689545794,0.136287440748298
7916.845955114597,-0.07377839320102542,-0.23301999009271537,-0.0856472356059289,0.15924159689168996
7921.746712532734,-0.059098050673288174,-0.08402654917120031,0.22788376619553816,0.024928498497912135
7926.647469950871,-0.043724035738385555,-0.2265642402176013,0.12243099983711925,0.18284020447921573
7931.548227369007,-0.02782517910923369,0.1182034514000884,0.22030734377428746,-0.14602863050932208
7936.448984787144,-0.011576182759954522,0.04782426284178557,0.1562370293652932,-0.05940044560174009
7941.349742205281,0.0048425683658002445,0.09674629434612088,0.128733876119735,-0.09190372598032064
7946.250499623417,0.02124778605487318,0.1779231518244968,-0.06347140241805325,-0.15667536576962363
7951.151257041554,0.03745484869854637,0.090779567066269,0.18317299320836994,-0.05332471836772262
7956.05201445969,0.0532804649246913,0.17993737006084987,-0.01675666668412066,-0.12665690513615857
7960.952771877827,0.06854443417695194,0.1648256223720847,-0.08449533442885854,-0.09628118819513276
7965.853529295964,0.08307061398941576,0.12399480625225708,-0.14331940341143692,-0.040924192262841316
7970.754286714101,0.09669188645412768,0.06206899954095777,-0.18321131799807663,0.03462288691316991
7975.655044132238,0.10924873004590678,-0.170621581818038,-0.12076991725359013,0.2798703118639448
7980.555801550374,0.12059275093054522,0.10863568687864109,-0.20126243783519768,0.011957064051904137
7985.456558968511,0.13058991836874972,-0.21837079059388861,0.004773121797044311,0.3489607089626383
7990.357316386648,0.13911800330565924,-0.03336658247538101,-0.2252652306102481,0.17248458578104026
7995.2580738047845,0.14607311340130502,-0.17727057380800906,0.13851559624641263,0.32334368720931406
8000.158831222921,0.15136862105296942,-0.15796601474519742,-0.15755629551331427,0.30933463579816683
8005.059588641057,0.15493300119953762,-0.059652204602510056,0.21975048585501641,0.21458520580204768
8009.960346059194,0.15671935382716523,-0.21362576773066438,-0.032092128532161264,0.3703451215578296
8014.861103477331,0.15669769959058347,-0.08629120230112224,0.17709179879749512,0.2429889018917057
8019.761860895468,0.15485830622502694,-0.013510622886311314,0.1935856354179742,0.16836892911133824
8024.662618313605,0.15121564273019417,0.19770074061270818,0.08624884379451725,-0.04648509788251401
8029.563375731741,0.1458017453685341,-0.06602819150383349,0.19776941988264604,0.2118299368723676
8034.464133149878,0.13867149953924177,0.14965904910322766,0.10964415264185322,-0.010987549563985899
8039.364890568015,0.12990087512471418,0.1761814012058839,0.046884211198342705,-0.046280526081169726
8044.265647986152,0.11958253759190587,0.17827979184608722,-0.019523434921111905,-0.05869725425418135
8049.1664054042885,0.10783172896472863,0.1571349106623732,-0.08089705512768888,-0.04930318169764457
8054.0671628224245,0.09477954785011258,0.11660939856679028,-0.12991873712710858,-0.0218298507166777
8058.967920240561,0.08057234533766458,0.06247848042559524,-0.16125753323775746,0.018093864912069338
8063.868677658698,0.06537383659360911,0.0016185410484991858,-0.17187626187410646,0.06375529554510992
8068.769435076835,0.04935854894123119,-0.05874288035458411,-0.1610773914716891,0.1081014292958153
8073.670192494972,0.03271269794392129,-0.11167653281480155,-0.1303907283966055,0.14438923075872284
8078.570949913108,0.015631779338693617,-0.15110717969050583,-0.08334582665176578,0.16673895902919944
8083.471707331245,-0.0016828113100272263,-0.17230056862239782,-0.025164040796728984,0.17061775731237058
8088.372464749382,-0.019024791877039628,-0.17227749521096156,0.037629153790635916,0.15325270333392194
8093.273222167519,-0.03618647544115235,-0.1502007873170709,0.09769025552522782,0.11401431187591854
8098.173979585656,-0.05296025268138445,-0.10764770071070172,0.1474790401277811,0.05468744802931727
8103.074737003792,-0.06914171719601458,-0.04875964296786661,0.18002450412112098,-0.020382074228147973
8107.9754944219285,-0.08453298863728265,0.019862798762347977,0.18982688669968936,-0.10439578739963062
8112.876251840065,-0.09894291064482556,0.20775486241326602,0.039292020410028765,-0.3066977730580916
8117.777009258202,-0.11219164029129339,0.051136692341024866,0.06332871759518242,-0.16332833263231825
8122.677766676339,-0.12411142128493612,0.041203888360796914,0.23827086953666518,-0.16531530964573304
8127.578524094475,-0.13455036345650134,0.17391393161630883,-0.1423045310445741,-0.30846429507281015
8132.479281512612,-0.14337378611390209,0.17185790605169754,0.17201279653686002,-0.31523169216559965
8137.380038930749,-0.1504625134779935,0.058479571319604594,-0.22583046105891866,-0.2089420847975981
8142.280796348886,-0.15572261458860234,0.24685309499134822,0.03619303547842831,-0.4025757095799506
8147.181553767023,-0.159079101060225,-0.09030840021929612,-0.22350454982157253,-0.06877070084092887
8152.082311185159,-0.16047881091420854,0.2228859439348431,-0.12123481582703864,-0.38336475484905164
8156.983068603296,-0.1598961917201643,-0.21148266325713885,-0.1281612634807285,0.05158647153697454
8161.8838260214325,-0.1573262454512897,0.10587198114826894,-0.2324722962987228,-0.26319822659955866
8166.784583439569,-0.1527904255492405,-0.2500781478389807,0.025084287796540372,0.0972877222897402
8171.685340857706,-0.14633602843468893,-0.08981685423080671,-0.04999587557491271,-0.05651917420388222
8176.586098275842,-0.13803104447932615,-0.11589619632924089,-0.22567803251806745,-0.022134848150085262
8181.486855693979,-0.1279712997453959,-0.135915547439143,0.21325128327846943,0.007944247693747103
8186.387613112116,-0.11627371135306204,-0.22417932719239708,-0.11000388253195877,0.10790561583933504
8191.288370530253,-0.10307491844346406,0.018890871925608673,0.2501832348049662,-0.12196579036907274
8196.18912794839,-0.08853537081625351,-0.24035593146448905,0.04348284132157916,0.15182056064823554
8201.089885366526,-0.07283092136000871,0.1616752718652629,0.18658177920356236,-0.2345061932252716
8205.990642784664,-0.05615430718672681,-0.16448876474033944,0.17216715517670167,0.10833445755361262
8210.8914002028,-0.03871314264816226,0.23549116245984636,0.053544255865477605,-0.27420430510800864
8215.792157620936,-0.020725054867244453,0.06361371153278718,0.06925257772543517,-0.08433876640003163
8220.692915039073,-0.002417539974508818,0.024816189094862502,0.22863133974292224,-0.02723372906937132
8225.59367245721,0.01597645044659677,0.1925155192147862,-0.1415289675576443,-0.17653906876818945
8230.494429875347,0.0342206222407478,0.14049982424557703,0.1663136968602285,-0.10627920200482922
8235.395187293483,0.05207906254141862,0.18207008650523593,-0.07845876726189388,-0.12999102396381731
8240.295944711619,0.06931870452484538,0.14071565536999822,-0.13642197047500962,-0.07139695084515284
8245.196702129757,0.08571183783050379,0.0827210200506636,-0.17585592625260293,0.0029908177798401853
8250.097459547893,0.10104156696054166,0.015417944620211838,-0.19274819435517815,0.08562362234032982
8254.99821696603,0.11510107944638963,-0.053215952737140346,-0.18562001601303924,0.16831703218352997
8259.898974384167,0.12769938160139724,-0.11527298894903627,-0.15549777667389883,0.24297237055043353
8264.799731802303,0.13866407003787512,-0.16356458505485072,-0.10574933143305773,0.30222865509272584
8269.70048922044,0.1478397126172271,-0.16938573092567036,0.13853837761690915,0.31722544354289745
8274.601246638576,0.15509565685301635,-0.155429201902966,-0.16938826987186387,0.31052485875598235
8279.502004056714,0.16032585465399923,-0.056015573007639624,0.20960189107448504,0.21634142766163886
8284.40276147485,0.16344792442651968,-0.23792212109389144,-0.04867066914631845,0.4013700455204111
8289.303518892986,0.16440763413583342,0.07427623442936003,0.21654248356074327,0.0901313997064734
8294.204276311124,0.16318003513437687,-0.22715528257026904,0.09678919908519018,0.3903353177046459
8299.10503372926,0.15976744352779926,0.19176296127838052,0.13827105916811355,-0.031995517750581265
8304.005791147398,0.15420485005488338,-0.13224118253353626,0.2192019658908121,0.2864460325884196
8308.906548565534,0.14655106534503035,0.2450650976052717,0.0008803145272842615,-0.09851403226024136
8313.80730598367,0.1368983694053469,0.02334973875491193,0.2638336305842954,0.11354863065043495
8318.708063401808,0.12536524540842253,0.20638959697370157,-0.14846167888101067,-0.08102435156527904
8323.608820819944,0.11209420563153312,0.10698657885864801,0.0023657119602359836,0.005107626772885107
8328.509578238081,0.0972572055419849,0.2289153807353665,0.15322712789100715,-0.13165817519338158
8333.410335656217,0.08104570573259032,0.01575584085533676,-0.2660953624270032,0.06528986487725355
8338.311093074353,0.0636722773070634,0.28012606535602996,-0.01476877847836219,-0.21645378804896656
8343.211850492491,0.045368657047586004,-0.15024588682270637,-0.22870223673709925,0.19561454387029237
8348.112607910627,0.02637966900084901,0.21687787409099482,-0.18168674605723334,-0.1904982050901458
8353.013365328765,0.006963107393606273,-0.26202229939929794,-0.09440454330282548,0.2689854067929042
8357.9141227469,-0.012615507025325655,0.06407226065281856,-0.27513839185238037,-0.07668776767814421
8362.814880165037,-0.03208580947694268,-0.26821708472786154,0.08275664669029673,0.23613127525091887
8367.715637583175,-0.05117669590749259,-0.1083365178729556,-0.03361964197557429,0.057159821965463015
8372.61639500131,-0.06961980499897953,-0.172396251365562,-0.2177061879226503,0.10277644636658247
8377.517152419448,-0.0871523866073915,-0.10102618492107937,0.26028685795429096,0.013873798313687874
8382.417909837584,-0.10352394130166673,-0.2624219238680235,-0.07105088188044471,0.15889798256635676
8387.31866725572,-0.11849582876957646,0.07326415370011968,0.2651957806290803,-0.19175998246969614
8392.219424673858,-0.13184773968631847,-0.24743073908252505,0.09499900775129115,0.11558299939620659
8397.120182091994,-0.1433815443118789,0.21170405621088187,0.16650809164641336,-0.3550856005227608
8402.020939510132,-0.15291971842356264,-0.14126962826480494,0.21598198068652047,-0.011650090158757703
8406.921696928268,-0.16031402686862953,0.26245075459463546,0.009833891401604216,-0.422764781463265
8411.822454346404,-0.16544613926280896,0.08141602141783481,0.06109819405080024,-0.24686216068064376
8416.723211764542,-0.16822516190068454,0.07047951636416262,0.23955417095261675,-0.23870467826484715
8421.623969182678,-0.16859725007385928,0.17039240360852245,-0.18753680372000325,-0.33898965368238176
8426.524726600815,-0.16654034433838497,0.19198508555825633,0.15280207254491981,-0.35852542989664127
8431.425484018951,-0.16206789646022068,0.030141387816736417,-0.24584137844041484,-0.1922092842769571
8436.326241437087,-0.15522738992266666,0.24246796326239908,0.015335299248720987,-0.39769535318506577
8441.226998855225,-0.14610459117472707,-0.1144239502968061,-0.21488715910570644,-0.03168064087792097
8446.127756273361,-0.13481557744569017,0.20765130369669993,-0.12561727585933652,-0.3424668811423901
8451.028513691499,-0.12151023662929625,-0.21460485239822294,-0.10986708534914096,0.09309461576892669
8455.929271109635,-0.1063717045728249,0.09973548854187911,-0.22343195587665707,-0.206107193114704
8460.830028527771,-0.08960847921980762,-0.23870950234885846,0.032103389109683536,0.14910102312905082
8465.730785945909,-0.07145804866983813,-0.08358791991059149,-0.04847667928512762,0.012129871240753362
8470.631543364045,-0.05218013223813167,-0.1052634090143921,-0.22813489280970717,0.05308327677626043
8475.532300782183,-0.03205224349636147,-0.13536853471949303,0.20348757165669054,0.10331629122313157
8480.433058200319,-0.011369939705637374,-0.22327832135810122,-0.12966009686154523,0.21190838165246384
8485.333815618455,0.00956156627901845,0.005657948474092968,0.24941370966768997,0.003903617804925481
8490.234573036592,0.030429530961512866,-0.26554243221425394,0.02416186160049633,0.2959719631757668
8495.135330454728,0.05091927849071108,0.15237338848932103,0.20632910261019957,-0.10145410999860995
8500.036087872866,0.07071797199742333,-0.2087727571687092,0.1805230648330452,0.2794907291661325
8504.936845291002,0.08952023950560534,0.2518853486993218,0.08245730252063267,-0.16236510919371644
8509.837602709138,0.10703337036641422,0.062432726755549596,0.09183519940273764,0.044600643610864625
8514.738360127276,0.12297962099301517,0.006669635586044443,0.28923016057402134,0.11630998540697073
8519.639117545412,0.13710343626013194,0.236097413894343,-0.14769873902604325,-0.09899397763421106
8524.53987496355,0.14917444045146655,0.10879668319816299,0.011906909792828612,0.04037775725330356
8529.440632381686,0.15899132193878435,0.12583173589437258,-0.020844470974282117,0.03315958604441177
8534.341389799822,0.16638418134778815,0.1092246785469265,-0.05062653852496403,0.057159502800861656
8539.24214721796,0.17121980671010828,0.0935198382788651,-0.07770659448642671,0.07769996843124317
8544.142904636095,0.1734062279963063,0.07099244277374243,-0.09997819698360934,0.10241378522256388
8549.043662054233,0.17288614131810043,0.043125828969844474,-0.11567903578695538,0.12976031234825597
8553.94441947237,0.16964838279738484,0.011870125672015777,-0.1235172256955399,0.15777825712536905
8558.845176890505,0.16372446163001836,-0.020506048971458482,-0.12279888509632522,0.18423051060147683
8563.745934308643,0.1551835705586947,-0.051614657048397045,-0.11350633406320913,0.20679822760709174
8568.646691726779,0.14414449130759324,-0.07915594213187287,-0.09630549829203433,0.2233004334394661
8573.547449144917,0.13076268583452713,-0.10111604470615178,-0.07248786675611106,0.23187873054067892
8578.448206563053,0.11523200678808104,-0.11594365266415242,-0.043852779385933405,0.23117565945223345
8583.348963981189,0.09778696703103655,-0.12267318802064792,-0.012542799101377169,0.22046015505168448
8588.249721399327,0.07869168579455946,-0.12098376515519044,0.019150959830452417,0.1996754509497499
8593.150478817462,0.05824186186805681,-0.1112036972305022,0.04898362969000731,0.16944555909855902
8598.0512362356,0.03675874700359259,-0.09424679841630154,0.07493728643749017,0.13100554541989412
8602.951993653736,0.014583300000283836,-0.07150571996504455,0.09536460603465442,0.08608901996532839
8607.852751071872,-0.007927744388339611,-0.04680602063738921,0.11903216366757066,0.0388782762490496
8612.75350849001,-0.030407944569608755,-0.011180702314181876,0.10579686672465745,-0.01922724225542688
8617.654265908146,-0.05248697360307362,0.013252000588782982,0.11363753629250008,-0.0657389741918566
8622.555023326284,-0.07379646582877808,-0.1389377153478684,0.2412936230616572,0.06514124951909031
8627.45578074442,-0.09397593254572231,0.2838047966488265,-0.006015757756109257,-0.37778072919454886
8632.356538162556,-0.11268119615975232,0.025599848296581348,0.2708100630748273,-0.13828104445633366
8637.257295580694,-0.12958651895258694,0.22155430292299239,-0.16548723944422675,-0.3511408218755793
8642.15805299883,-0.14439204216218032,0.1735089003790831,0.2033116718859366,-0.31790094254126344
8647.058810416967,-0.15683266160218567,0.08347698874438508,-0.2570495441725372,-0.24030965034657076
8651.959567835103,-0.1666752865211775,0.25607625339958484,0.06683071120373507,-0.4227515399207623
8656.86032525324,-0.1737315640180016,-0.07777867089782056,-0.2539923547086247,-0.09595289312018104
8661.761082671377,-0.17785862096634375,0.03492122033871391,-0.0980909338156028,-0.21277984130505767
8666.661840089513,-0.17895622368008948,0.21949720100789757,-0.14850767056912378,-0.39845342468798706
8671.562597507651,-0.17698270131760085,-0.2396653925835159,-0.10771430182137343,0.06268269126591505
8676.463354925787,-0.17194339893824412,0.09655943811152955,-0.25011936313512617,-0.2685028370497737
8681.364112343923,-0.1638989956815159,-0.25897917271710486,0.048343156537260366,0.09508017703558896
8686.26486976206,-0.15296213312648466,-0.06529813669029448,-0.26558637866575274,-0.08766399643619018
8691.165627180197,-0.13929811915001966,-0.1871809062067869,0.18979095087339057,0.04788278705676724
8696.066384598334,-0.12312119671186898,-0.2117547055501997,-0.18454593702863548,0.08863350883833072
8700.96714201647,-0.10469612174922148,-0.045565042554114844,0.26815146612656765,-0.059131079195106635
8705.867899434606,-0.08432507194727902,-0.28838862261354703,-0.028779462176098527,0.20406355066626802
8710.768656852744,-0.06235437184208703,0.12045875369942621,0.25217210815632213,-0.18281312554151324
8715.66941427088,-0.03916072208118601,-0.024783541885928496,0.11353417807272188,-0.014377180195257515
8720.570171689018,-0.015147627288679296,8.662516231805219e-5,0.1081578241296191,-0.015234252450997349
8725.470929107154,0.009259546562169622,0.03537106144300367,0.1261085285023981,-0.026111514880834047
8730.37168652529,0.033623658636745324,0.06274178254264656,0.10514244618676687,-0.02911812390590124
8735.272443943428,0.057502088303108934,0.08840696580815388,0.08726550309246076,-0.030904877505044948
8740.173201361564,0.08045406306127419,0.10905945925015226,0.06298709300635805,-0.02860539618887807
8745.073958779702,0.10205096995721624,0.13097263891776564,-0.22080085691898252,-0.0289216689605494
8749.974716197838,0.12188153058926876,0.056400956817458235,0.2597108812058914,0.06548057377181052
8754.875473615974,0.1395623989056554,0.12896495743116326,-0.015449851300241582,0.010597441474492125
8759.776231034111,0.1547426148260486,0.12190463043194098,-0.04842738461390967,0.03283798439410761
8764.676988452247,0.167116962319576,0.10626863526416587,-0.07876402296241704,0.06084832705541014
8769.577745870385,0.17642390618469153,0.08297770392182767,-0.10417087758460085,0.09344620226286386
8774.478503288521,0.1824562863826824,0.053585866805734954,-0.12267072341014028,0.12887041957694745
8779.379260706657,0.18506891659742908,0.020174962993970497,-0.1327978627234126,0.16489395360345857
8784.280018124795,0.1841769120740077,-0.014825136199861607,-0.1337231630620955,0.1990020482738693
8789.18077554293,0.17976006487688312,-0.04883674329002268,-0.1253485299053238,0.2285968081669058
8794.081532961069,0.17186697091891784,-0.07936448978309223,-0.10831414178134513,0.2512314607020101
8798.982290379205,0.16061397232937002,-0.10420695035547986,-0.08393119420337367,0.2648209226848499
8803.88304779734,0.1461825209143191,-0.12164697347938898,-0.05406967417073873,0.26782949439370807
8808.783805215478,0.12882186555733707,-0.1305734577002894,-0.020968747570271493,0.2593953232576265
8813.684562633614,0.10883818032580925,-0.13056052426615694,0.012952292816001859,0.2393987045919662
8818.585320051752,0.08659849925939556,-0.12186041974361389,0.04530708413729931,0.20845891900300945
8823.486077469888,0.06251571792465979,-0.10534948010209035,0.07392730777066925,0.16786519802675015
8828.386834888024,0.03704890760083061,-0.08241762488922989,0.09701838155670395,0.1194665324900605
8833.287592306162,0.010690725656394413,-0.054825313973531034,0.11326460689581105,0.06551603962992544
8838.188349724298,-0.016040093984683597,-0.024548531251860434,0.12189141022989017,0.008508437267176837
8843.089107142436,-0.04260880771705352,0.00638065415254292,0.1226696648207257,-0.04898946186959644
8847.989864560572,-0.06847489079958327,0.03601338336825428,0.11588377471061093,-0.10448827416783754
8852.890621978708,-0.09310279134747432,0.0626077061528272,0.10227154241457262,-0.15571049750030153
8857.791379396846,-0.1159755788915414,0.09207829551723834,0.08790804158727501,-0.20805387440877976
8862.692136814981,-0.13660060748073774,0.09410927306402632,0.05197988502627448,-0.23070988054476405
8867.59289423312,-0.15452600306681621,0.1107008849085268,0.032819948568767694,-0.265226887975343
8872.493651651255,-0.16934518601990162,0.17007807266367642,0.23019225951354505,-0.33942325868357803
8877.394409069391,-0.18071276941750766,0.10828472368346291,-0.2683453998857237,-0.28899749310097056
8882.295166487529,-0.1883480191766379,0.26895960515949946,0.09091606009696883,-0.45730762433613736
8887.195923905665,-0.19204482901515302,-0.06404326848423361,-0.2775277797266331,-0.1280015605309194
8892.096681323803,-0.1916756411701139,0.27298843481498103,-0.07887135333761026,-0.46466407598509496
8896.997438741939,-0.18720037924241517,-0.20941891841676147,-0.1897050859715878,0.022218539174346297
8901.898196160075,-0.17866351056153318,0.18090083222341907,-0.22277990468837985,-0.35956434278495225
8906.798953578213,-0.16620067006716693,-0.28048002782212006,-0.03637697782219837,0.11427935775495313
8911.699710996349,-0.15003348811770945,-0.0803156344731254,-0.08031944857175807,-0.06971785364458405
8916.600468414486,-0.1304670594586006,-0.05045546765754342,-0.29073559241164243,-0.08001159180105719
8921.501225832622,-0.10789106481048188,-0.21576108360945723,0.19015019410555958,0.10787001879897534
8926.401983250758,-0.0827660605301897,-0.10886261234399364,0.003711460397452908,0.026096551813803937
8931.302740668896,-0.05561912686051031,-0.12234668505648955,0.03671839875797487,0.06672755819597924
8936.203498087032,-0.027032049118151408,-0.10352424685469301,0.06312748751387877,0.0764921977365416
8941.10425550517,0.002368728968506717,-0.08618316344828321,0.08774514173757553,0.08855189241678993
8946.005012923306,0.03192753601077079,-0.06291198168565133,0.10778719032785719,0.09483951769642213
8950.905770341442,0.06097120269995707,-0.03487209040120414,0.12177438457245665,0.09584329310116121
8955.80652775958,0.08882567762372194,-0.003615198482182443,0.1285120753590532,0.09244087610590439
8960.707285177716,0.11482966499287423,0.028980136388417316,0.1271965125569565,0.08584952860445691
8965.608042595853,0.13835357159844555,0.06080659474871624,0.11752221420587962,0.0775469768497293
8970.50880001399,0.15881057824092273,0.08966863686189133,0.0997493272889731,0.0691419413790314
8975.409557432125,0.17567639466840684,0.11343745775292839,0.07474198733514245,0.06223893691547845
8980.310314850263,0.18849877850631166,0.13023044667019149,0.043951979573571005,0.05826833183612018
8985.2110722684,0.19691178084183636,0.13858658338990523,0.009349480772127973,0.05832519745193113
8990.111829686537,0.20065204904578382,0.020469721513573437,-0.2789051907791476,0.1801823275322104
8995.012587104673,0.19955849937126136,0.1879284156612901,0.22386049635053865,0.011630083709971262
8999.913344522809,0.19358647293010106,0.11332640868429067,-0.07588470037437844,0.08026006424581039
9004.814101940947,0.1828083400921348,0.09492143144436015,-0.10636514356097529,0.08788690864777467
9009.714859359083,0.16741727546762797,0.0644975838836403,-0.12770988968054756,0.10291969158398767
9014.61561677722,0.1477273063880445,0.02939708803648419,-0.1402862142580137,0.1183302183515603
9019.516374195357,0.12416499040694175,-0.007810208164935624,-0.14313131547032729,0.13197519857187737
9024.417131613493,0.09726427492798215,-0.044388262594980236,-0.13604758624576532,0.1416525375229624
9029.31788903163,0.0676556559250275,-0.07766839151536047,-0.11962465527667285,0.14532404744038796
9034.218646449766,0.03605490297539034,-0.10528084659055098,-0.09517250814814168,0.1413357495659413
9039.119403867904,0.0032460921142466563,-0.12534474693338366,-0.06458990772352728,0.1285908390476303
9044.02016128604,-0.02993788657546731,-0.13661172349393474,-0.030186684071429826,0.10667383691846744
9048.920918704176,-0.0626334523840949,-0.1385342993782605,0.005526049733706812,0.0759008469941656
9053.821676122314,-0.0939686739859807,-0.13127656175086916,0.04004796336279917,0.037307887764888456
9058.72243354045,-0.12308675940590678,-0.11565001547775286,0.07108495060721377,-0.007436743928153924
9063.623190958588,-0.14916833721773368,-0.0930108189401327,0.09670708713610125,-0.056157518277600973
9068.523948376724,-0.17145456149289612,-0.06511514357477116,0.11546380316718191,-0.10633941791812496
9073.42470579486,-0.18927214478331988,-0.03396396053113694,0.12644581865853896,-0.15530818425218296
9078.325463212997,-0.20205211263936113,-0.0016405569178340287,0.1293005429520143,-0.2004115557215271
9083.226220631133,-0.20934863198501363,0.029828147443845637,0.1242028886847938,-0.23917677942885926
9088.126978049271,-0.21085695323902404,0.05859693911715595,0.11179902313274219,-0.26945389235618
9093.027735467407,-0.20642991719606352,0.08309751640510113,0.093118386664888,-0.2895274336011646
9097.928492885543,-0.19608095332191122,0.10209311469029297,0.06947956058617862,-0.2981740680122042
9102.829250303681,-0.17999356918341558,0.11472416976963087,0.04239698011449856,-0.2947177389530464
9107.730007721817,-0.15852603737924864,0.12051635208559046,0.013482208277041063,-0.2790423894648391
9112.630765139955,-0.13219852565776083,0.11936284822593773,-0.015643020620545636,-0.2515613738836986
9117.53152255809,-0.10168937081169949,-0.011110156137766098,-0.25431997546408347,-0.09057921467393339
9122.432279976227,-0.06782493183912161,0.17385012143253745,0.1782975753021626,-0.24167505327165906
9127.333037394365,-0.03155170100703121,0.08595505727908234,-0.07677927041950261,-0.11750675828611355
9132.2337948125,0.006080785266403737,0.0675723337832845,-0.09630044421285837,-0.06149154851688077
9137.134552230638,0.04394966587558435,0.04337700996770465,-0.11018075314110709,0.0005726559078797003
9142.035309648774,0.08089061958483286,0.016748577477656932,-0.11405275973064771,0.06414204210717593
9146.93606706691,0.11573155363141507,-0.011559464953740332,-0.12231365211875175,0.1272910185851554
9151.836824485048,0.14732980001189744,-0.040299125193762116,-0.11408022278732698,0.18762892520565955
9156.737581903184,0.17460528504285797,-0.0669836408239629,-0.10203966604760484,0.24158892586682085
9161.638339321322,0.1965898965523792,-0.0904052591270297,-0.08384641717721467,0.2869951556794089
9166.539096739458,0.2124443461521323,-0.10915096380586907,-0.060301044010298725,0.3215953099580014
9171.439854157594,0.22150634154390186,-0.12197698502921664,-0.032532649244681355,0.34348332657311853
9176.340611575732,0.223320737031501,-0.12789473607751486,-0.0019735895060174246,0.35121547310901585
9181.241368993868,0.21764441832155568,-0.12624077077916515,0.029691399887980134,0.34388518910072086
9186.142126412005,0.20449525002980645,-0.11676095233292635,0.06059440557274628,0.3212562023627328
9191.042883830141,0.1841406132383356,-0.0996625917453095,0.08878353453328776,0.2838032049836451
9195.943641248277,0.15709830930827795,-0.07565181199471689,0.11233484622326334,0.23275012130299483
9200.844398666415,0.12415639805099322,-0.04594443808831555,0.12949349062650226,0.17010083613930876
9205.745156084551,0.08632868616053384,-0.012228565274587313,0.13881243380022096,0.09855725143512115
9210.645913502689,0.04484664939750471,0.023410223985232403,0.13928967828595734,0.02143642541227231
9215.546670920825,0.0011256275445043198,0.058609858268919596,0.13049430520018637,-0.057484230724415275
9220.44742833896,-0.04328420184100607,0.09089311697143301,0.11264772383013683,-0.13417731881243908
9225.348185757099,-0.08674118385965388,0.11785596184148783,0.08666159367806607,-0.2045971457011417
9230.248943175235,-0.1275749121875294,0.1373840160743197,0.054118979103956986,-0.2649589282618491
9235.149700593372,-0.1641361468785804,0.14782985925489317,0.017178632940198963,-0.3119660061334736
9240.050458011508,-0.19488221873631395,0.04469005930052508,-0.29849642062443554,-0.23957227803683903
9244.951215429644,-0.21842383579878966,0.17464895710590314,0.2520718458602585,-0.39307279290469277
9249.851972847782,-0.23359076814652535,0.1296691701302731,-0.07697258235929333,-0.3632599382767985
9254.752730265918,-0.2395140266666601,0.1056258024092383,-0.10805806204539312,-0.3451398290758984
9259.653487684056,-0.23564537070132302,0.07417435964850373,-0.13170380128985942,-0.30981973034982674
9264.554245102192,-0.2218271302657593,0.037630903159168234,-0.14617294516399829,-0.2594580334249275
9269.455002520328,-0.19831971105355475,-0.0013000980899736945,-0.1504613788170054,-0.19701961296358106
9274.355759938466,-0.16579435841027415,-0.0397619490076742,-0.14437544971152216,-0.12603240940259997
9279.256517356602,-0.12537128854578286,-0.07499254685261772,-0.12853147210266572,-0.05037874169316514
9284.15727477474,-0.07856882252190774,-0.10455807754026716,-0.10427250092973876,0.025989255018359428
9289.058032192876,-0.027270399204682848,-0.12653173470744475,-0.07352503857331938,0.0992613355027619
9293.958789611012,0.026320772318595257,-0.1396305328020465,-0.038619534153436566,0.16595130512064174
9298.85954702915,0.07977874823877276,-0.14326922539742437,-0.002072173447985962,0.22304797363619713
9303.760304447285,0.130539960227531,-0.13756343402787685,0.03361357749253956,0.26810339425540786
9308.661061865423,0.17602685225726747,-0.12326108717013702,0.06613530968515882,0.2992879394274045
9313.561819283559,0.21375520877548834,-0.10164029665950322,0.09353844566692052,0.31539550543499156
9318.462576701695,0.24148810697208525,-0.07437795571586811,0.11432315634959002,0.31586606268795336
9323.363334119833,0.25736200660526304,-0.043394152326126235,0.12749923184815967,0.3007561589313893
9328.264091537969,0.2599868429071266,-0.010714614724899254,0.13260499319251584,0.27070145763202585
9333.164848956107,0.24862861013770354,0.02166398825784769,0.12968551806761597,0.22696462187985586
9338.065606374243,0.2232422115417492,0.051890676212235025,0.11923415680883383,0.17135153532951417
9342.966363792379,0.18456272206905555,0.07834045645295623,0.10213573283765146,0.10622226561609932
9347.867121210516,0.13416473500708184,0.09968685853626902,0.07957442959642863,0.034477876470812824
9352.767878628652,0.07440752444835444,0.11493229945835538,0.05295432475835344,-0.040524775010000944
9357.66863604679,0.008414099247941665,0.12343573307728832,0.023817971193787518,-0.11502163382934666
9362.569393464926,-0.060056276351978764,0.12490994012641009,-0.006235579757119038,-0.18496621647838885
9367.470150883062,-0.12677004601161318,0.004264599548825275,-0.2632689513930439,-0.13103464556043845
9372.3709083012,-0.18724162337728265,0.17082158762851168,0.19963571206208555,-0.3580632110057943
9377.271665719336,-0.23700307637167803,0.09905313924851707,-0.0751861036494266,-0.3360562156201951
9382.172423137474,-0.2718889318894852,0.07843133560987164,-0.09656742971829985,-0.35032026749935685
9387.07318055561,-0.28842974724019843,0.05340304688374615,-0.11264357191238226,-0.34183279412394457
9391.973937973746,-0.2841273146172092,0.025236125054478593,-0.12254980546479541,-0.3093634396716878
9396.874695391884,-0.2578196511099044,-0.0046367087019324234,-0.12569702756644321,-0.25318294240797196
9401.77545281002,-0.20998261624239906,-0.034670767459282235,-0.12180302420355958,-0.1753118487831168
9406.676210228157,-0.14287241906403614,-0.06326762396119427,-0.11091367884839781,-0.07960479510284187
9411.576967646293,-0.06069702971964738,-0.08883685812885046,-0.09342544302679175,0.02813982840920308
9416.47772506443,0.03048932676468792,-0.10986615159025581,-0.07008541112810358,0.14035547835494372
9421.378482482567,0.12300863486600752,-0.12500669336860867,-0.04199402713063873,0.2480153282346162
9426.279239900703,0.2080002408555615,-0.13314291702220485,-0.010572132414187594,0.3411431578777664
9431.17999731884,0.2761030804997203,-0.13349434030939278,0.022477099569095618,0.4095974208091131
9436.080754736977,0.3183271339860796,-0.12567668037512064,0.05524085273261767,0.44400381436120023
9440.981512155113,0.32722402584823296,-0.10977960536082247,0.08568773401499132,0.43700363120905544
9445.88226957325,0.2980066873581838,-0.08640781427647527,0.11178562980875813,0.38441450163465907
9450.783026991387,0.22990386810350807,-0.05669789615862954,0.13164109218800044,0.2866017642621376
9455.683784409524,0.12724550897369344,-0.02229397735236711,0.14363969075841942,0.14953948632606054
9460.58454182766,0.00013430240812725247,0.014717049383477775,0.146603304842284,-0.014582746975350523
9465.485299245796,-0.13537259979944508,0.051924632538262835,0.13991809077484504,-0.1872972323377079
9470.386056663934,-0.2583342610206301,0.08674724964318463,0.12362940259254271,-0.34508151066381476
9475.28681408207,-0.3451428820704206,0.11663400917039264,0.0985105407477875,-0.4617768912408132
9480.187571500208,-0.3736385285995085,0.13926774972708292,0.06603975730601767,-0.5129062783265914
9485.088328918344,-0.32845398423514166,0.15278388159352277,0.028335530271501777,-0.48123786582866446
9489.98908633648,-0.20763852555056808,0.06769505501421345,-0.3079581381694567,-0.2753335805647815
9494.889843754618,-0.02861797514948094,0.16413522652999332,0.27504919730541705,-0.19275320167947427
9499.790601172754,0.16939448050690376,0.1406162397469639,-0.07104426962726083,0.028778240759939844
9504.691358590891,0.3297227314674266,0.11778890297219732,-0.10518281938307948,0.21193382849522927
9509.592116009027,0.39331951429751794,0.09496156619743097,-0.13932136913889748,0.298357948100087
