epochs,test_name,train_loss,test_loss,train_metric,test_metric,pen,conf
1,test_1/,0.01768915397165906,0.03529422341960665,0.0007183578911917138,0.002013564154197812,l2,g1_1__g2_0
2,test_1/,0.003047198687253182,0.011513976031865825,3.522321720769507e-5,0.00046432066145120956,l2,g1_1__g2_0
3,test_1/,0.0024051416770796952,0.008891006422480774,2.6549578991833525e-5,0.00037318763031461986,l2,g1_1__g2_0
4,test_1/,0.002380106014457899,0.00882198676737072,2.1008026735914023e-5,0.0002953379790991141,l2,g1_1__g2_0
5,test_1/,0.0005792068165944166,0.0009373189874693398,8.490828379859395e-7,1.8201256838287265e-6,l2,g1_1__g2_0
6,test_1/,0.0005612554413817484,0.0006101048026383215,8.20788019090286e-7,9.361462803780613e-7,l2,g1_1__g2_0
7,test_1/,0.000560826049610494,0.0006038127496600997,8.213554542784875e-7,9.291423537193431e-7,l2,g1_1__g2_0
8,test_1/,0.0005605935614621656,0.0006043764499250684,8.227409727782108e-7,9.478854342367997e-7,l2,g1_1__g2_0
9,test_1/,0.0005605197360637098,0.0006061194641826113,8.244581594980717e-7,9.733040338093198e-7,l2,g1_1__g2_0
10,test_1/,0.0005604662669095142,0.0006058231101649202,8.237966182772503e-7,9.647761362889872e-7,l2,g1_1__g2_0
11,test_1/,0.0005604439475970599,0.0006069781283313481,8.239469174043949e-7,9.696361653663862e-7,l2,g1_1__g2_0
12,test_1/,0.0005604397891074207,0.0006071947794710415,8.239760304279897e-7,9.7055963028345e-7,l2,g1_1__g2_0
13,test_1/,0.0005604395906190301,0.0006072059647850635,8.239773714009969e-7,9.706053769060765e-7,l2,g1_1__g2_0
14,test_1/,0.0005604394970164304,0.0006072109921798936,8.239780207724887e-7,9.706265088840319e-7,l2,g1_1__g2_0
15,test_1/,0.0005604394970164304,0.0006072109921798936,8.239780207724887e-7,9.706265088840319e-7,l2,g1_1__g2_0
1,test_1/,0.01768915397165906,0.03529422341960665,0.0007183578911917138,0.002013564154197812,l2,g1_1__g2_0.1
2,test_1/,0.0030440446443696528,0.011498813422656799,3.5132228375268534e-5,0.00046338399918100415,l2,g1_1__g2_0.1
3,test_1/,0.0023956442977487117,0.008850278403286577,2.6289773492884538e-5,0.000369986512763069,l2,g1_1__g2_0.1
4,test_1/,0.002371059292211401,0.008781356057020975,2.081429237998775e-5,0.0002928968281533807,l2,g1_1__g2_0.1
5,test_1/,0.0005806011973959799,0.0009323320817530697,8.475889663910881e-7,1.7913382168410777e-6,l2,g1_1__g2_0.1
6,test_1/,0.0005630606062234269,0.0006119735075901355,8.209482576445102e-7,9.380795928664884e-7,l2,g1_1__g2_0.1
7,test_1/,0.0005626190377748016,0.0006049386517890889,8.213354607848968e-7,9.27229745895166e-7,l2,g1_1__g2_0.1
8,test_1/,0.0005623823267980478,0.0006053876946977548,8.226935280234807e-7,9.452024156839374e-7,l2,g1_1__g2_0.1
9,test_1/,0.0005622939577933253,0.0006070880721244639,8.244597315777818e-7,9.711404816130554e-7,l2,g1_1__g2_0.1
10,test_1/,0.0005622481878697717,0.0006067984711372078,8.237933359447266e-7,9.62583964646783e-7,l2,g1_1__g2_0.1
11,test_1/,0.0005622256698582846,0.0006079599544492137,8.239397843647958e-7,9.674523122715614e-7,l2,g1_1__g2_0.1
12,test_1/,0.000562219223803261,0.0006082950712606037,8.239837406723933e-7,9.688735075444595e-7,l2,g1_1__g2_0.1
13,test_1/,0.0005622150402313368,0.0006085118771001667,8.240127593781026e-7,9.69802277490474e-7,l2,g1_1__g2_0.1
14,test_1/,0.0005622149409434702,0.0006085174033872814,8.240134247800571e-7,9.698250706897875e-7,l2,g1_1__g2_0.1
15,test_1/,0.0005622148739488612,0.0006085212556316766,8.240140276717639e-7,9.698426523676203e-7,l2,g1_1__g2_0.1
16,test_1/,0.0005622148582452242,0.0006085085621718516,8.240149281765471e-7,9.698198635100199e-7,l2,g1_1__g2_0.1
17,test_1/,0.0005622148582452242,0.0006085085621718516,8.240149281765471e-7,9.698198635100199e-7,l2,g1_1__g2_0.1
1,test_1/,0.01768915397165906,0.03529422341960665,0.0007183578911917138,0.002013564154197812,l2,g1_1__g2_0.01
2,test_1/,0.003046960514334564,0.011512745323737021,3.521568693999347e-5,0.0004642431847454188,l2,g1_1__g2_0.01
3,test_1/,0.0024040877275605566,0.00888655292515313,2.6521494941361027e-5,0.00037284268382624917,l2,g1_1__g2_0.01
4,test_1/,0.002379096236754437,0.008817525966099768,2.0986993766618484e-5,0.00029507358452899625,l2,g1_1__g2_0.01
5,test_1/,0.0005793483523796317,0.0009368302105569918,8.489336276224459e-7,1.8172767636158824e-6,l2,g1_1__g2_0.01
6,test_1/,0.00056143619446861,0.000610301817673681,8.2080227594937e-7,9.36339941634207e-7,l2,g1_1__g2_0.01
7,test_1/,0.0005610055295585713,0.0006039351871285204,8.213515348542403e-7,9.289518026644138e-7,l2,g1_1__g2_0.01
8,test_1/,0.0005607725781437116,0.000604485937250416,8.227341714498344e-7,9.476152832339872e-7,l2,g1_1__g2_0.01
9,test_1/,0.000560696640078209,0.0006062234825561961,8.244558933361425e-7,9.730803980310652e-7,l2,g1_1__g2_0.01
10,test_1/,0.0005606444847026358,0.000605927955743479,8.237952390568222e-7,9.645677216354212e-7,l2,g1_1__g2_0.01
11,test_1/,0.0005606222164333287,0.0006070851859896107,8.239444046832892e-7,9.694206407044505e-7,l2,g1_1__g2_0.01
12,test_1/,0.0005606178730103515,0.0006073117251122819,8.239747282929803e-7,9.703844877188388e-7,l2,g1_1__g2_0.01
13,test_1/,0.0005606172461367356,0.0006073440910615785,8.239791583518692e-7,9.705235400458326e-7,l2,g1_1__g2_0.01
14,test_1/,0.000560617075894126,0.000607352450113019,8.239803919678168e-7,9.70560550679649e-7,l2,g1_1__g2_0.01
15,test_1/,0.0005606169945191723,0.0006073563469836071,8.239809982925692e-7,9.705781865607995e-7,l2,g1_1__g2_0.01
16,test_1/,0.0005606169945191723,0.0006073563469836071,8.239809982925692e-7,9.705781865607995e-7,l2,g1_1__g2_0.01
1,test_1/,0.01768915397165906,0.03529422341960665,0.0007183578911917138,0.002013564154197812,l2,g1_1__g2_0.05
2,test_1/,0.0030456936499658927,0.011506662372442696,3.517917273561497e-5,0.00046386739365001403,l2,g1_1__g2_0.05
3,test_1/,0.002400212988549558,0.008869990100961449,2.6415825933656144e-5,0.00037154158110909777,l2,g1_1__g2_0.05
4,test_1/,0.002375404127157594,0.008800998086761247,2.0908211709893825e-5,0.000294081481627137,l2,g1_1__g2_0.05
5,test_1/,0.0005799032377928544,0.0009347755411883592,8.483299790324935e-7,1.8056220982497352e-6,l2,g1_1__g2_0.05
6,test_1/,0.0005621581157665776,0.0006110354708761543,8.208648084689459e-7,9.37058317693389e-7,l2,g1_1__g2_0.05
7,test_1/,0.000561723051307285,0.000604379083205243,8.213421826989087e-7,9.281519264456199e-7,l2,g1_1__g2_0.05
8,test_1/,0.0005614884417279316,0.0006048812815376917,8.227125113759176e-7,9.464888240462892e-7,l2,g1_1__g2_0.05
9,test_1/,0.0005614049199460157,0.0006065982011913436,8.24450404443748e-7,9.721117438772724e-7,l2,g1_1__g2_0.05
10,test_1/,0.0005613574490368389,0.0006063076620341787,8.237923090246415e-7,9.636481048033006e-7,l2,g1_1__g2_0.05
11,test_1/,0.0005613351961970753,0.0006074683875203371,8.23938846736473e-7,9.684915142219614e-7,l2,g1_1__g2_0.05
12,test_1/,0.0005613300094704596,0.0006077403112957786,8.23974510734282e-7,9.696423296696028e-7,l2,g1_1__g2_0.05
13,test_1/,0.0005613294595635703,0.0006079428424654718,8.240012025791733e-7,9.704954363382514e-7,l2,g1_1__g2_0.05
14,test_1/,0.0005613287679805056,0.0006076469231997024,8.239940833977576e-7,9.696357747324696e-7,l2,g1_1__g2_0.05
15,test_1/,0.0005613279781726872,0.0006075791491894079,8.240071983540034e-7,9.69615390877292e-7,l2,g1_1__g2_0.05
16,test_1/,0.0005613271803069056,0.000607511572486315,8.240204044916076e-7,9.695964847321191e-7,l2,g1_1__g2_0.05
17,test_1/,0.0005613269714127558,0.0006074937324896616,8.240238820834596e-7,9.695913980751523e-7,l2,g1_1__g2_0.05
18,test_1/,0.0005613269661929384,0.0006074811873245457,8.240262510872948e-7,9.69586894783216e-7,l2,g1_1__g2_0.05
19,test_1/,0.0005613267754271026,0.0006073159815152396,8.24038516123001e-7,9.69297216810217e-7,l2,g1_1__g2_0.05
20,test_1/,0.0005613265462538444,0.0006069592923209448,8.240664861561221e-7,9.6868587329043e-7,l2,g1_1__g2_0.05
21,test_1/,0.0005613262931313077,0.0006065819501462288,8.240972579488629e-7,9.68027262751679e-7,l2,g1_1__g2_0.05
22,test_1/,0.0005613262602692927,0.0006065447925303592,8.241004039363224e-7,9.679633407959146e-7,l2,g1_1__g2_0.05
23,test_1/,0.0005613262269111345,0.0006065075688699368,8.241035645159864e-7,9.678994243360858e-7,l2,g1_1__g2_0.05
24,test_1/,0.0005613262269111345,0.0006065075688699368,8.241035645159864e-7,9.678994243360858e-7,l2,g1_1__g2_0.05
1,test_1/,0.01768915397165906,0.03529422341960665,0.0007183578911917138,0.002013564154197812,l2,g1_1__g2_0.5
2,test_1/,0.0030261770557824972,0.011418541273575878,3.466293966777657e-5,0.00045853461520824277,l2,g1_1__g2_0.5
3,test_1/,0.0023558343612877144,0.00868242578482529,2.52122743011928e-5,0.0003565783737790402,l2,g1_1__g2_0.5
4,test_1/,0.0023333298130574862,0.008614037999754619,2.001482170882503e-5,0.0002827401594788859,l2,g1_1__g2_0.5
5,test_1/,0.0005859596985147368,0.0009100979014184887,8.416006374143114e-7,1.672941464868195e-6,l2,g1_1__g2_0.5
6,test_1/,0.0005702562169686669,0.0006229163138019503,8.211248103921851e-7,9.481910281853767e-7,l2,g1_1__g2_0.5
7,test_1/,0.000569747329873832,0.0006123353343593049,8.211924823086182e-7,9.262807445950243e-7,l2,g1_1__g2_0.5
8,test_1/,0.0005693730952335925,0.0006142908233851027,8.235348433663409e-7,9.605988603517675e-7,l2,g1_1__g2_0.5
9,test_1/,0.000569343407277046,0.0006151779155067296,8.241717007313722e-7,9.70499768550758e-7,l2,g1_1__g2_0.5
10,test_1/,0.0005693282371727007,0.0006148382531510555,8.239621057573112e-7,9.671252790889905e-7,l2,g1_1__g2_0.5
11,test_1/,0.0005693219115630207,0.0006148530968113935,8.240295396202061e-7,9.679764193209317e-7,l2,g1_1__g2_0.5
12,test_1/,0.000569319171309194,0.0006148590043465752,8.240589384915066e-7,9.683467070297326e-7,l2,g1_1__g2_0.5
13,test_1/,0.0005693179459465642,0.0006148618968696217,8.240721138596013e-7,9.685132370492153e-7,l2,g1_1__g2_0.5
14,test_1/,0.000569317775411162,0.0006148623158623854,8.240739604490372e-7,9.685366210261935e-7,l2,g1_1__g2_0.5
15,test_1/,0.000569317775411162,0.0006148623158623854,8.240739604490372e-7,9.685366210261935e-7,l2,g1_1__g2_0.5
1,test_1/,0.01768915397165906,0.03529422341960665,0.0007183578911917138,0.002013564154197812,l1,g1_1__g2_0.5
2,test_1/,0.017535318906961153,0.03658533359445151,0.0002592789726212407,0.0014936254945227651,l1,g1_1__g2_0.5
3,test_1/,0.015925682698071108,0.03245823457190969,7.811999082913218e-5,0.0008747134763683618,l1,g1_1__g2_0.5
4,test_1/,0.015900795565966908,0.03216545477890921,7.366014319445293e-5,0.000848672515381965,l1,g1_1__g2_0.5
5,test_1/,0.015884918582588246,0.03161524443497854,6.556674987193683e-5,0.0007847331411825929,l1,g1_1__g2_0.5
6,test_1/,0.015783149088722047,0.026981888016464273,2.7205522559915266e-5,0.0003872885979384937,l1,g1_1__g2_0.5
7,test_1/,0.015777205874651715,0.02622908659827542,2.3432242384828187e-5,0.00033876963364146487,l1,g1_1__g2_0.5
8,test_1/,0.015726505647716847,0.024756182068486947,1.703430597911735e-5,0.00025116851312690047,l1,g1_1__g2_0.5
9,test_1/,0.015628509611284463,0.021119976187814853,6.3219363670081255e-6,9.279814087652284e-5,l1,g1_1__g2_0.5
10,test_1/,0.01561909724623689,0.02024074232403785,4.642606892823238e-6,6.628975937570417e-5,l1,g1_1__g2_0.5
11,test_1/,0.015613202690499312,0.019691339946254553,3.754079037162573e-6,5.2019761986348535e-5,l1,g1_1__g2_0.5
12,test_1/,0.015610131920467238,0.019193612155579062,3.0528582918318436e-6,4.0575721028781545e-5,l1,g1_1__g2_0.5
13,test_1/,0.015608929483864865,0.019188017109702492,3.0462430856335896e-6,4.0492677857692033e-5,l1,g1_1__g2_0.5
14,test_1/,0.015608182719044213,0.019237318982643945,3.1221673267954823e-6,4.1812482293594044e-5,l1,g1_1__g2_0.5
15,test_1/,0.015608041080948223,0.019254205493587834,3.141651017625865e-6,4.2125710940870655e-5,l1,g1_1__g2_0.5
16,test_1/,0.015608030100920446,0.0192564003932656,3.141157749510624e-6,4.2105418748181716e-5,l1,g1_1__g2_0.5
17,test_1/,0.015608021584070323,0.019261331892393756,3.14768661450498e-6,4.221312786363295e-5,l1,g1_1__g2_0.5
18,test_1/,0.015608016761721594,0.019266263849747903,3.154233193652382e-6,4.232116168302328e-5,l1,g1_1__g2_0.5
19,test_1/,0.015608010727191975,0.019271194111533742,3.1608018042495567e-6,4.242959424716068e-5,l1,g1_1__g2_0.5
20,test_1/,0.015608001285402795,0.01927611969100068,3.1673919106584182e-6,4.2538418553491174e-5,l1,g1_1__g2_0.5
21,test_1/,0.015607996537779325,0.0192810514158276,3.1740080681612116e-6,4.264771292541182e-5,l1,g1_1__g2_0.5
22,test_1/,0.015607988317087488,0.01928597891871982,3.1806478764888855e-6,4.275743890636499e-5,l1,g1_1__g2_0.5
23,test_1/,0.015607980636642232,0.01929090765012528,3.1873142697642397e-6,4.2867647620566896e-5,l1,g1_1__g2_0.5
24,test_1/,0.015607973789899572,0.019295835951524308,3.1940053571424037e-6,4.297830895814543e-5,l1,g1_1__g2_0.5
25,test_1/,0.015607966793398388,0.01930076649135841,3.200727619617765e-6,4.308953383551034e-5,l1,g1_1__g2_0.5
26,test_1/,0.015607960162924366,0.019305698713475886,3.207480805996383e-6,4.320131990204504e-5,l1,g1_1__g2_0.5
27,test_1/,0.015607951893903774,0.01931063060004936,3.2142664340186054e-6,4.331369475325647e-5,l1,g1_1__g2_0.5
28,test_1/,0.015607948146470008,0.01931556415220424,3.221085302222481e-6,4.3426673409748354e-5,l1,g1_1__g2_0.5
29,test_1/,0.015607884572496645,0.019362364973299892,3.283245183533024e-6,4.4444128950466085e-5,l1,g1_1__g2_0.5
30,test_1/,0.015607822503637351,0.01940935675052658,3.3468186555212784e-6,4.548311545668286e-5,l1,g1_1__g2_0.5
31,test_1/,0.015607787806523131,0.01945670979491263,3.4118506780243098e-6,4.6544318852186353e-5,l1,g1_1__g2_0.5
32,test_1/,0.015607786618552565,0.019456029011289063,3.4108701541181062e-6,4.652807123231861e-5,l1,g1_1__g2_0.5
33,test_1/,0.015607786618552565,0.019456029011289063,3.4108701541181062e-6,4.652807123231861e-5,l1,g1_1__g2_0.5
1,test_1/,0.01768915397165906,0.03529422341960665,0.0007183578911917138,0.002013564154197812,l1,g1_1__g2_0.1
2,test_1/,0.012936876334861147,0.031229800553419697,0.0001823066470359978,0.0012944883095812438,l1,g1_1__g2_0.1
3,test_1/,0.010833892713946728,0.02998938572394202,0.00020061856413815395,0.0013577658637441215,l1,g1_1__g2_0.1
4,test_1/,0.010327763729931428,0.029207281483515955,0.00013736351341765468,0.001213435934301241,l1,g1_1__g2_0.1
5,test_1/,0.010171509110774326,0.02501973710419858,0.00024777867143159217,0.0018209615260263525,l1,g1_1__g2_0.1
6,test_1/,0.006245614646668092,0.013755891199707089,1.7634560593851922e-5,0.0002422934965927005,l1,g1_1__g2_0.1
7,test_1/,0.005918149418946558,0.013393731057394205,1.603912812277676e-5,0.00023869049805925785,l1,g1_1__g2_0.1
8,test_1/,0.0038173003176659765,0.005580638849336424,1.4300633301425932e-6,1.29299072245607e-5,l1,g1_1__g2_0.1
9,test_1/,0.003654742946334921,0.004405158084474948,9.254843090135155e-7,3.4860868220041697e-6,l1,g1_1__g2_0.1
10,test_1/,0.0036229450368632384,0.0038015950197538137,8.286259978485532e-7,1.2767656402995997e-6,l1,g1_1__g2_0.1
11,test_1/,0.003622820045928634,0.003814877438598755,8.298438431112e-7,1.2894444815011208e-6,l1,g1_1__g2_0.1
12,test_1/,0.00362127005802881,0.0037703948355882204,8.203617351431406e-7,1.1166339332902966e-6,l1,g1_1__g2_0.1
13,test_1/,0.0036212560617590378,0.0037706537789079153,8.20507152631458e-7,1.1182860345410473e-6,l1,g1_1__g2_0.1
14,test_1/,0.003621253972175968,0.0037706960374976123,8.205300570118653e-7,1.1185535898878547e-6,l1,g1_1__g2_0.1
15,test_1/,0.0036212523192641665,0.003770726219638886,8.205472291326192e-7,1.1187529339225695e-6,l1,g1_1__g2_0.1
16,test_1/,0.003621251090803763,0.0037707510240699675,8.205617116990401e-7,1.1189210719646806e-6,l1,g1_1__g2_0.1
17,test_1/,0.003621249151265676,0.00376777134571331,8.205243778974356e-7,1.1133160791148481e-6,l1,g1_1__g2_0.1
18,test_1/,0.003621241847434847,0.003760920905747644,8.204833299905745e-7,1.1008231343541713e-6,l1,g1_1__g2_0.1
19,test_1/,0.003621239774378545,0.003759123947413244,8.204784205703883e-7,1.0975947075400598e-6,l1,g1_1__g2_0.1
20,test_1/,0.00362123958389419,0.0037591186794472846,8.204782658590728e-7,1.0975843860246444e-6,l1,g1_1__g2_0.1
21,test_1/,0.00362123958389419,0.0037591186794472846,8.204782658590728e-7,1.0975843860246444e-6,l1,g1_1__g2_0.1
1,test_1/,0.01768915397165906,0.03529422341960665,0.0007183578911917138,0.002013564154197812,l1,g1_1__g2_0.05
2,test_1/,0.01621038811970807,0.036851962686431886,0.00046548157757238793,0.0018696250176410253,l1,g1_1__g2_0.05
3,test_1/,0.01502243334780405,0.03707047781002081,0.0002697428005772083,0.002038130485671489,l1,g1_1__g2_0.05
4,test_1/,0.006132679018762174,0.019273034533555354,6.518366474177369e-5,0.0007095398458440145,l1,g1_1__g2_0.05
5,test_1/,0.002299211634215217,0.00379313967874552,2.0423078021494755e-6,2.232062321981516e-5,l1,g1_1__g2_0.05
6,test_1/,0.0021057033234940475,0.002148325407307361,8.40165759968579e-7,1.002341451551238e-6,l1,g1_1__g2_0.05
7,test_1/,0.0020985584860838194,0.0022629568134076815,8.577612788691239e-7,1.6180553801070291e-6,l1,g1_1__g2_0.05
8,test_1/,0.002094087097176811,0.002215492644230429,8.281871338710411e-7,1.1455028912442774e-6,l1,g1_1__g2_0.05
9,test_1/,0.0020922583649111383,0.0021833327314485823,8.193815499402863e-7,1.007150006814171e-6,l1,g1_1__g2_0.05
10,test_1/,0.0020922279417177666,0.0021832310051127244,8.205930619361775e-7,1.02346313884016e-6,l1,g1_1__g2_0.05
11,test_1/,0.002092209420904708,0.002185048433558029,8.210010149470345e-7,1.0325858670418923e-6,l1,g1_1__g2_0.05
12,test_1/,0.0020921900653071007,0.0021869154828473452,8.214703851306798e-7,1.0427894291581301e-6,l1,g1_1__g2_0.05
13,test_1/,0.0020921699933366886,0.002189128732520673,8.2200631969067e-7,1.0541601544337436e-6,l1,g1_1__g2_0.05
14,test_1/,0.002092154852073085,0.0021917276356525632,8.226136350878463e-7,1.0667835782482853e-6,l1,g1_1__g2_0.05
15,test_1/,0.0020921335395482823,0.0021949116468166596,8.220963292852838e-7,1.066068353171295e-6,l1,g1_1__g2_0.05
16,test_1/,0.002092122304438217,0.002197952598678249,8.221497425340744e-7,1.0723326196831007e-6,l1,g1_1__g2_0.05
17,test_1/,0.002092120983682372,0.0021973840947831533,8.222003415286376e-7,1.0719437803465492e-6,l1,g1_1__g2_0.05
18,test_1/,0.002092114965966237,0.002198347914034684,8.223446966735751e-7,1.0755608822228132e-6,l1,g1_1__g2_0.05
19,test_1/,0.0020921093372649516,0.0021993318442431365,8.224932687507075e-7,1.0792485139936288e-6,l1,g1_1__g2_0.05
20,test_1/,0.002092108205134191,0.0021995620242787634,8.225365993798804e-7,1.0802118143935473e-6,l1,g1_1__g2_0.05
21,test_1/,0.002092107154111116,0.002199700773951444,8.225628752032597e-7,1.08079536817398e-6,l1,g1_1__g2_0.05
22,test_1/,0.0020921063308393505,0.0021998258675289865,8.225864903290256e-7,1.0813205772440087e-6,l1,g1_1__g2_0.05
23,test_1/,0.0020921055111855773,0.0021999511214539445,8.2261019674505e-7,1.0818475671245344e-6,l1,g1_1__g2_0.05
24,test_1/,0.0020921047839943183,0.0022000765908047107,8.226340059633167e-7,1.0823764221370078e-6,l1,g1_1__g2_0.05
25,test_1/,0.0020921039658880467,0.0022002020709860066,8.226579023349641e-7,1.0829069074978303e-6,l1,g1_1__g2_0.05
26,test_1/,0.0020921039160510533,0.0022002081607147184,8.226588725351399e-7,1.082930289251473e-6,l1,g1_1__g2_0.05
27,test_1/,0.0020921039160510533,0.0022002081607147184,8.226588725351399e-7,1.082930289251473e-6,l1,g1_1__g2_0.05
1,test_1/,0.01768915397165906,0.03529422341960665,0.0007183578911917138,0.002013564154197812,l2,g1_1__g2_1
2,test_1/,0.0029934832857690242,0.011279676509686476,3.387285797419976e-5,0.0004503000150354109,l2,g1_1__g2_1
3,test_1/,0.0023088397676071103,0.00848178591375513,2.3928877778868558e-5,0.00034032352712746105,l2,g1_1__g2_1
4,test_1/,0.002289464634847999,0.008417695753580952,1.9064950332110046e-5,0.00027048290489245324,l2,g1_1__g2_1
5,test_1/,0.0006051481453922789,0.001072145980301653,8.70415827820955e-7,2.263657363511881e-6,l2,g1_1__g2_1
6,test_1/,0.0005787100612474594,0.0006170512838868085,8.214026360091773e-7,9.178925977946568e-7,l2,g1_1__g2_1
7,test_1/,0.0005784256778660027,0.0006200321922662945,8.222947199990648e-7,9.366428391283554e-7,l2,g1_1__g2_1
8,test_1/,0.0005782305936198999,0.0006219911699473856,8.240244029292346e-7,9.631178520999144e-7,l2,g1_1__g2_1
9,test_1/,0.0005782208798306803,0.0006221661691345012,8.241215564789586e-7,9.64754751286233e-7,l2,g1_1__g2_1
10,test_1/,0.0005782136110636719,0.0006222975068159903,8.241950900436127e-7,9.659958255279465e-7,l2,g1_1__g2_1
11,test_1/,0.0005782135107810463,0.0006222995965909595,8.241965336033414e-7,9.66018866538558e-7,l2,g1_1__g2_1
12,test_1/,0.0005781989737556473,0.0006231255107379991,8.241234977234483e-7,9.674449028718153e-7,l2,g1_1__g2_1
13,test_1/,0.0005781965437102503,0.0006269228092844674,8.238322834894778e-7,9.738996783813361e-7,l2,g1_1__g2_1
14,test_1/,0.0005781965437102503,0.0006269228092844674,8.238322834894778e-7,9.738996783813361e-7,l2,g1_1__g2_1
1,test_1/,0.01768915397165906,0.03529422341960665,0.0007183578911917138,0.002013564154197812,l2,g1_1__g2_10
2,test_1/,0.013717096788681889,0.03445354111009263,0.0004459288122271569,0.001846253596046193,l2,g1_1__g2_10
3,test_1/,0.012680137941577057,0.03242644651101297,0.00026971155757476783,0.0016343528781676984,l2,g1_1__g2_10
4,test_1/,0.000929897013251595,0.0022747341675493538,1.6523670158271645e-6,1.5890534988603506e-5,l2,g1_1__g2_10
5,test_1/,0.0007441704616091615,0.0008662074387246662,8.653878632413998e-7,1.5655666312215564e-6,l2,g1_1__g2_10
6,test_1/,0.0007400596360901155,0.0008389573591518232,8.24877038611943e-7,1.0708217563660715e-6,l2,g1_1__g2_10
7,test_1/,0.000738798582623093,0.0008258160379103587,8.192315551463092e-7,9.973562382500287e-7,l2,g1_1__g2_10
8,test_1/,0.000738212123185797,0.000795547718056762,8.202983978085818e-7,9.499200341598814e-7,l2,g1_1__g2_10
9,test_1/,0.0007380852248151932,0.000796595541921686,8.215105015193633e-7,9.68426093570533e-7,l2,g1_1__g2_10
10,test_1/,0.0007380205189516143,0.0007975530838484361,8.223878666132358e-7,9.824203743699792e-7,l2,g1_1__g2_10
11,test_1/,0.0007380001981262996,0.0007980107974530629,8.226953047887847e-7,9.87377590387495e-7,l2,g1_1__g2_10
12,test_1/,0.0007379829818831813,0.0007984327042257438,8.22967742487425e-7,9.917858154608131e-7,l2,g1_1__g2_10
13,test_1/,0.0007379816386494074,0.0007988946805720067,8.232199272932633e-7,9.958785472133838e-7,l2,g1_1__g2_10
14,test_1/,0.0007379765494466127,0.0007967759562315196,8.230863976209648e-7,9.894353990763505e-7,l2,g1_1__g2_10
15,test_1/,0.0007379742367754586,0.0007965131557749343,8.231377218639546e-7,9.894475909188834e-7,l2,g1_1__g2_10
16,test_1/,0.0007379718344350276,0.0007962555295846563,8.231891960897433e-7,9.894682628239963e-7,l2,g1_1__g2_10
17,test_1/,0.0007379693985019129,0.0007960019212864229,8.232408484260314e-7,9.89498570899871e-7,l2,g1_1__g2_10
18,test_1/,0.0007379670967436962,0.0007957505559654233,8.232928452401428e-7,9.895393965974316e-7,l2,g1_1__g2_10
19,test_1/,0.0007379665910736944,0.0007957032350125221,8.233027937676907e-7,9.89549320586131e-7,l2,g1_1__g2_10
20,test_1/,0.0007379662576089412,0.0007956687905534373,8.233101846322722e-7,9.89558273534177e-7,l2,g1_1__g2_10
21,test_1/,0.0007379659180023536,0.0007956403619708696,8.233160730127789e-7,9.895633223114023e-7,l2,g1_1__g2_10
22,test_1/,0.0007379658771171654,0.0007956369765043402,8.233168176128364e-7,9.895644408466657e-7,l2,g1_1__g2_10
23,test_1/,0.0007379658771171654,0.0007956369765043402,8.233168176128364e-7,9.895644408466657e-7,l2,g1_1__g2_10
1,test_1/,0.01768915397165906,0.03529422341960665,0.0007183578911917138,0.002013564154197812,l2,g1_1__g2_20
2,test_1/,0.008330736152963593,0.025612507528577334,0.00014596057385282444,0.0011564400047592667,l2,g1_1__g2_20
3,test_1/,0.007495177720688106,0.026325530631684184,0.00010045397046332001,0.0013441064459374327,l2,g1_1__g2_20
4,test_1/,0.0043326315333953895,0.015322761437559075,6.158143267755998e-5,0.0006987615705002359,l2,g1_1__g2_20
5,test_1/,0.0019465431601538464,0.005883260678851893,6.6178293109760735e-6,9.155871792377062e-5,l2,g1_1__g2_20
6,test_1/,0.0018296017025929364,0.006013461378185217,5.947091138431481e-6,8.731203859210914e-5,l2,g1_1__g2_20
7,test_1/,0.0009304646270823599,0.0012478811179886312,8.346262160553248e-7,1.5829363243411886e-6,l2,g1_1__g2_20
8,test_1/,0.0009165254621191139,0.0009430263880495349,8.261746878811602e-7,9.374166160323227e-7,l2,g1_1__g2_20
9,test_1/,0.0009155229409831606,0.0009791310508078031,8.196699415756668e-7,9.548786049644964e-7,l2,g1_1__g2_20
10,test_1/,0.0009154657847924601,0.000973851131566573,8.198557846680693e-7,9.461102028051686e-7,l2,g1_1__g2_20
11,test_1/,0.0009154609226243407,0.0009727989350417617,8.199324717098164e-7,9.449396545706803e-7,l2,g1_1__g2_20
12,test_1/,0.0009154390112158834,0.0009745083399709827,8.204486895873049e-7,9.557715943264364e-7,l2,g1_1__g2_20
13,test_1/,0.0009153947218477498,0.0009783326875397033,8.227339488832108e-7,9.944756787240067e-7,l2,g1_1__g2_20
14,test_1/,0.0009153937705565436,0.0009784410059724804,8.227838956565391e-7,9.953577247928146e-7,l2,g1_1__g2_20
15,test_1/,0.0009153931089239785,0.000978534538215556,8.2282459529837e-7,9.960768280701897e-7,l2,g1_1__g2_20
16,test_1/,0.0009153923324061601,0.0009786367493139394,8.228660626906134e-7,9.968079992844909e-7,l2,g1_1__g2_20
17,test_1/,0.0009153916694363542,0.0009787403845662578,8.229078618200476e-7,9.975461349156045e-7,l2,g1_1__g2_20
18,test_1/,0.0009153909162459452,0.000978845427975365,8.229499587052482e-7,9.982893777357976e-7,l2,g1_1__g2_20
19,test_1/,0.0009153899897921643,0.000978950870276971,8.229928402509772e-7,9.990449763776477e-7,l2,g1_1__g2_20
20,test_1/,0.000915389351400203,0.0009790565559817347,8.230360248572316e-7,9.998057314308097e-7,l2,g1_1__g2_20
21,test_1/,0.00091538923998713,0.000979067022148092,8.23040265539815e-7,9.99880818552732e-7,l2,g1_1__g2_20
22,test_1/,0.0009153892151177799,0.0009790676125690208,8.230407571308143e-7,9.998881883830978e-7,l2,g1_1__g2_20
23,test_1/,0.0009153892151177799,0.0009790676125690208,8.230407571308143e-7,9.998881883830978e-7,l2,g1_1__g2_20
1,test_1/,0.01768915397165906,0.03529422341960665,0.0007183578911917138,0.002013564154197812,l2,g1_1__g2_50
2,test_1/,0.0021734093691374353,0.005879582162826305,8.94181368681695e-6,0.00013351979768910495,l2,g1_1__g2_50
3,test_1/,0.0015390016358406947,0.0024105199629433412,1.2612214871596598e-6,8.66583200271854e-6,l2,g1_1__g2_50
4,test_1/,0.0015347625511908042,0.0021900629121748075,1.2185597515467111e-6,7.693330560383998e-6,l2,g1_1__g2_50
5,test_1/,0.0014511240717237361,0.0014790606746091994,8.353133887774651e-7,1.0062491207695888e-6,l2,g1_1__g2_50
6,test_1/,0.001446469896875427,0.0015139969754503456,8.197384260084266e-7,9.636559810499632e-7,l2,g1_1__g2_50
7,test_1/,0.0014461939315580023,0.0015504092221127128,8.209534132994547e-7,1.0425424099219549e-6,l2,g1_1__g2_50
8,test_1/,0.001446193681630468,0.0015504229576430747,8.20957266664676e-7,1.0426002630173296e-6,l2,g1_1__g2_50
9,test_1/,0.0014460196809056097,0.0015360652267717156,8.215036609923393e-7,1.0224085404594254e-6,l2,g1_1__g2_50
10,test_1/,0.0014459883585354288,0.00152356175051734,8.222205948644422e-7,1.0064358719655786e-6,l2,g1_1__g2_50
11,test_1/,0.0014459560998818035,0.0015303332101482374,8.218018387533998e-7,1.014907477733528e-6,l2,g1_1__g2_50
12,test_1/,0.0014459558472165188,0.0015299761105469914,8.218228839296302e-7,1.0144584363507381e-6,l2,g1_1__g2_50
13,test_1/,0.0014459553719277092,0.0015290705151304875,8.218772539414829e-7,1.0133220391698224e-6,l2,g1_1__g2_50
14,test_1/,0.0014459550763975186,0.0015287657472972645,8.218952323821709e-7,1.0129361484714934e-6,l2,g1_1__g2_50
15,test_1/,0.0014459549728072134,0.0015287613679754745,8.218952551284494e-7,1.0129284711927702e-6,l2,g1_1__g2_50
16,test_1/,0.0014459549728072134,0.0015287613679754745,8.218952551284494e-7,1.0129284711927702e-6,l2,g1_1__g2_50
1,test_1/,0.01768915397165906,0.03529422341960665,0.0007183578911917138,0.002013564154197812,l2,g1_1__g2_30
2,test_1/,0.004498621611827414,0.014643222118657795,3.213568751756535e-5,0.0004115513062466415,l2,g1_1__g2_30
3,test_1/,0.002257399967639636,0.007257256832930399,5.311708907319282e-6,7.705770792337844e-5,l2,g1_1__g2_30
4,test_1/,0.0022306115053540975,0.007173399265483208,5.769744761267342e-6,8.468860968158332e-5,l2,g1_1__g2_30
5,test_1/,0.0019915801175103684,0.005388250479719157,3.574675722550707e-6,3.9776081064515736e-5,l2,g1_1__g2_30
6,test_1/,0.0011543703775474187,0.0019928449652388772,9.746837902617698e-7,4.282147562113028e-6,l2,g1_1__g2_30
7,test_1/,0.0010924911000079057,0.0011740560577345625,8.208612322859406e-7,1.0008611470079907e-6,l2,g1_1__g2_30
8,test_1/,0.0010924859419309302,0.0011590028913804548,8.206620899310618e-7,9.712589821449686e-7,l2,g1_1__g2_30
9,test_1/,0.0010924323013223344,0.0011637761173308439,8.218559747610209e-7,9.915262971685913e-7,l2,g1_1__g2_30
10,test_1/,0.0010924259198373727,0.0011644028856707856,8.220126224425892e-7,9.941733575487469e-7,l2,g1_1__g2_30
11,test_1/,0.0010924199803016323,0.001165053724649626,8.22175983327435e-7,9.96933497337869e-7,l2,g1_1__g2_30
12,test_1/,0.0010924136074925827,0.0011657391946812885,8.223462064011649e-7,9.998091252400497e-7,l2,g1_1__g2_30
13,test_1/,0.0010924119230805646,0.0011659334654214775,8.223946251412837e-7,1.0006274725535849e-6,l2,g1_1__g2_30
14,test_1/,0.0010924111702828828,0.0011660172112347334,8.224152924221675e-7,1.0009768138190854e-6,l2,g1_1__g2_30
15,test_1/,0.0010924103520637846,0.0011660889164536148,8.224330409383748e-7,1.001277217657509e-6,l2,g1_1__g2_30
16,test_1/,0.0010924096494674181,0.001166160718450251,8.224508478723411e-7,1.0015785739621936e-6,l2,g1_1__g2_30
17,test_1/,0.0010924091757904069,0.001166232586455815,8.224687501373976e-7,1.0018809666457522e-6,l2,g1_1__g2_30
18,test_1/,0.0010924088752590432,0.0011662623733561606,8.224762393689205e-7,1.0020072745435957e-6,l2,g1_1__g2_30
19,test_1/,0.0010924087929568432,0.001166270752997666,8.224781256170037e-7,1.0020407276354646e-6,l2,g1_1__g2_30
20,test_1/,0.0010924087929568432,0.001166270752997666,8.224781256170037e-7,1.0020407276354646e-6,l2,g1_1__g2_30
1,test_1/,0.01768915397165906,0.03529422341960665,0.0007183578911917138,0.002013564154197812,l2,g1_1__g2_15
2,test_1/,0.010989609045944407,0.03086549411803053,0.0002742813635977827,0.0015532777338832207,l2,g1_1__g2_15
3,test_1/,0.0073073958358952995,0.024393759628986218,0.00010075866809523877,0.0009724006713376925,l2,g1_1__g2_15
4,test_1/,0.006434132361033391,0.021202796915460845,0.00015301194772021005,0.0012003354680085775,l2,g1_1__g2_15
5,test_1/,0.0025009889440905926,0.008386626377991454,8.472595582463277e-6,0.00011290583084391858,l2,g1_1__g2_15
6,test_1/,0.0024370187100231124,0.008030351845654992,8.002427444667266e-6,0.00010716387846794104,l2,g1_1__g2_15
7,test_1/,0.0010904783794263586,0.002835174561653398,2.562338595107284e-6,3.064639290059551e-5,l2,g1_1__g2_15
8,test_1/,0.0008520093821714283,0.001162888660769421,9.480731210520981e-7,2.605520108175469e-6,l2,g1_1__g2_15
9,test_1/,0.0008371012724698376,0.0010812053344254036,9.013959141125071e-7,2.2921364908145743e-6,l2,g1_1__g2_15
10,test_1/,0.0008269588061324876,0.0008786540705576132,8.205698859117918e-7,9.399415254899162e-7,l2,g1_1__g2_15
11,test_1/,0.0008269180339823803,0.000882450153054606,8.200519179484332e-7,9.420298268464963e-7,l2,g1_1__g2_15
12,test_1/,0.000826890886155438,0.0008856861970952662,8.198448242465047e-7,9.4695897898865e-7,l2,g1_1__g2_15
13,test_1/,0.0008267876438430747,0.00089000705782122,8.210776320902162e-7,9.732008767493297e-7,l2,g1_1__g2_15
14,test_1/,0.0008267738085886287,0.0008908534709909642,8.213727832841866e-7,9.789710153221292e-7,l2,g1_1__g2_15
15,test_1/,0.0008267593007199828,0.0008917252077982672,8.217079381079176e-7,9.85449086703901e-7,l2,g1_1__g2_15
16,test_1/,0.0008267442130665491,0.0008926721688377817,8.220857536969666e-7,9.92680414297278e-7,l2,g1_1__g2_15
17,test_1/,0.0008267284611529249,0.0008938267156000131,8.225090559529137e-7,1.0007132810746143e-6,l2,g1_1__g2_15
18,test_1/,0.0008267219741998534,0.0008943463589923371,8.226904777500586e-7,1.0041396659264686e-6,l2,g1_1__g2_15
19,test_1/,0.0008267203755607702,0.0008944878703500283,8.227379525631606e-7,1.005033994388691e-6,l2,g1_1__g2_15
20,test_1/,0.0008267186430721115,0.0008946296552347629,8.227859729122742e-7,1.0059378966477191e-6,l2,g1_1__g2_15
21,test_1/,0.0008267169975482598,0.0008947718874465045,8.228344150700667e-7,1.0068497455515597e-6,l2,g1_1__g2_15
22,test_1/,0.0008267152929265527,0.0008949143551655309,8.228832761516235e-7,1.0077693684768372e-6,l2,g1_1__g2_15
23,test_1/,0.0008267149954902447,0.0008949385195304132,8.228916381573545e-7,1.0079264879932306e-6,l2,g1_1__g2_15
24,test_1/,0.0008267148333443984,0.0008949536116312431,8.228966951986054e-7,1.0080225222796565e-6,l2,g1_1__g2_15
25,test_1/,0.0008267146943537416,0.0008949680038822659,8.229017135730444e-7,1.0081165424257986e-6,l2,g1_1__g2_15
26,test_1/,0.0008267145553243743,0.0008949823955023819,8.229067360845366e-7,1.008210632803658e-6,l2,g1_1__g2_15
27,test_1/,0.0008267143871519265,0.0008949967574053672,8.229117627329105e-7,1.008304793470402e-6,l2,g1_1__g2_15
28,test_1/,0.0008267141607325817,0.0008950110604819713,8.229167935190864e-7,1.0083990244276684e-6,l2,g1_1__g2_15
29,test_1/,0.0008267141607325817,0.0008950110604819713,8.229167935190864e-7,1.0083990244276684e-6,l2,g1_1__g2_15
