epochs,test_name,train_losses,test_losses,train_metric,test_metric
1,architecture_1__32/,0.00011767537415798758,9.981697990157409e-5,0.1436345191142369,0.13311461136956046
2,architecture_1__32/,0.00011773640666027782,9.98655654578633e-5,0.1436320150244149,0.13310622002194653
3,architecture_1__32/,0.00016023034294965883,0.00013343588564703463,0.1447836206608377,0.1325037934811388
4,architecture_1__32/,0.0006556636674642318,0.000603179447709079,0.16734757043367132,0.1749260532581791
5,architecture_1__32/,0.00013256547661835526,0.00013943586243329655,0.16813923667800082,0.16743058075328957
6,architecture_1__32/,0.000152413213688259,0.00015446039049402054,0.1691134823668382,0.16694866138727094
7,architecture_1__32/,0.00014164123921937206,0.0001704039777233385,0.1507368828879917,0.1822786923757789
8,architecture_1__32/,0.00036074423039929337,0.00035713359077924235,0.10269145562160518,0.13181169033095483
9,architecture_1__32/,0.00021072376247194055,0.00021746069970041625,0.1026147519129894,0.11586107111185365
10,architecture_1__32/,7.562326886235094e-5,8.608103496222253e-5,0.11145730778656908,0.11416167767528403
11,architecture_1__32/,0.00012078145048906247,0.00014770966071118993,0.13409776266772136,0.15875969507993112
12,architecture_1__32/,0.0001016654980290176,0.00013143869095834894,0.1357478678849954,0.15990641415710677
13,architecture_1__32/,8.232941635862224e-5,0.00011591257445403635,0.11102182430603715,0.14038493010916397
14,architecture_1__32/,7.847931750357061e-5,0.00011277850346105668,0.10871747133430432,0.13845989916679438
15,architecture_1__32/,7.046767651407576e-5,0.00010493456310789909,0.0992658675513803,0.12635285107515298
16,architecture_1__32/,7.236934113229616e-5,0.00010753119478266006,0.10023783063636381,0.1289424557386866
17,architecture_1__32/,7.012194321242262e-5,0.00010730747862953062,0.10239824111112082,0.13290560326990306
18,architecture_1__32/,8.274405097035316e-5,0.00011808807739175487,0.10281838331772078,0.13353004919083206
19,architecture_1__32/,7.261751468522539e-5,0.00011063492157926043,0.10385550939625633,0.13495126529769352
20,architecture_1__32/,6.591285108213156e-5,0.00010370814682754412,0.1043137838956401,0.12927587014349415
21,architecture_1__32/,7.49585614522817e-5,9.891982502950976e-5,0.11835392167206073,0.12733539568086982
22,architecture_1__32/,8.041666257971348e-5,9.841078076386667e-5,0.12280576335460476,0.12795822753315003
23,architecture_1__32/,8.244876590420554e-5,0.0001003891327681851,0.1249275872936381,0.13071007841267793
24,architecture_1__32/,8.50217496760909e-5,0.0001027747457810843,0.1254933297050453,0.13149656879624505
25,architecture_1__32/,8.396923570510473e-5,0.000102873469245347,0.12614512328646352,0.13265547883558634
26,architecture_1__32/,8.602064156551337e-5,0.00010450556186998461,0.1266791595064339,0.13379012989875286
27,architecture_1__32/,8.547620273838528e-5,0.00010432861879695029,0.1267703106942166,0.13396942317591362
28,architecture_1__32/,8.657612850828324e-5,0.00010526564884538218,0.12784795380738007,0.13500760265758943
29,architecture_1__32/,8.621851120839339e-5,0.00010487715470712328,0.12740929561762576,0.13461854192851352
30,architecture_1__32/,8.625351383889094e-5,0.00010496927739744527,0.1274652332592192,0.13470605478520617
31,architecture_1__32/,8.624310162199521e-5,0.00010497718448281805,0.12744984835708215,0.13471334078632827
32,architecture_1__32/,8.628857643100803e-5,0.00010500073257093365,0.1274757377541125,0.13472997362619485
33,architecture_1__32/,8.644985990889359e-5,0.00010512333558571537,0.12751679282331402,0.13478081591036775
34,architecture_1__32/,8.659520956825733e-5,0.00010520283268428016,0.12751100736541024,0.13476853143671902
35,architecture_1__32/,8.681371892271481e-5,0.00010534172998358442,0.12750347126613643,0.13475416052525138
36,architecture_1__32/,8.687902893744423e-5,0.00010539140259375724,0.12750581217976817,0.13475361827327256
37,architecture_1__32/,8.68815719466182e-5,0.00010539419485173834,0.1275060536313922,0.1347538753360365
38,architecture_1__32/,8.694457925968198e-5,0.00010545859467812724,0.12751299786420067,0.13476014519561175
39,architecture_1__32/,8.694455103085182e-5,0.00010545858355683152,0.1275129978940462,0.13476015552909992
40,architecture_1__32/,8.738159807759195e-5,0.00010616758549877318,0.1276149198748963,0.13486681274327056
41,architecture_1__32/,8.801989327273918e-5,0.00010679481484319148,0.1276135135285118,0.13486208619910586
42,architecture_1__32/,8.913037505938516e-5,0.00010789768991651441,0.1276157967160872,0.13486014090459028
43,architecture_1__32/,8.854702614849613e-5,0.00010735420822891965,0.12761301110121356,0.1348494980452779
44,architecture_1__32/,8.887842492386923e-5,0.00010774702570678376,0.12760851962161496,0.13483175400271266
45,architecture_1__32/,8.921916349534548e-5,0.00010815651658796294,0.12760031950223577,0.13480897731646468
46,architecture_1__32/,8.957267645684615e-5,0.00010857877946800928,0.127591523531116,0.134784615371345
47,architecture_1__32/,9.09655830108716e-5,0.00011028424778794833,0.12761352649936586,0.13478740588427646
48,architecture_1__32/,9.565891505791147e-5,0.00011601872992108312,0.12765024234285602,0.13481229266653946
49,architecture_1__32/,9.853744966358848e-5,0.00012014709578011558,0.12768198123884436,0.13484424074743362
50,architecture_1__32/,0.00010681786012841606,0.00013143068153243745,0.127708738476964,0.13487073218946702
51,architecture_1__32/,0.00011158526867746126,0.00013763409439402708,0.127706230135069,0.13487812291688292
52,architecture_1__32/,9.617459447759251e-5,0.00012011081814363589,0.1277280093617703,0.1348776651275342
53,architecture_1__32/,0.00010133971700205046,0.00012639018645270737,0.127722692116344,0.13487749032661114
54,architecture_1__32/,0.0001279438684705804,0.00016546008408405992,0.12409498176043005,0.13605016585867233
55,architecture_1__32/,8.436841574430305e-5,0.00010996247844541506,0.12437240872962614,0.13625530992065307
56,architecture_1__32/,8.459147225588776e-5,0.0001102891201502787,0.12444043216274582,0.13620149709909982
57,architecture_1__32/,8.444286744328685e-5,0.00011005279234375638,0.12450566516870146,0.13613082942092217
58,architecture_1__32/,8.440685999096019e-5,0.00010989968146181352,0.12457600609967272,0.13606309947021328
59,architecture_1__32/,8.400511492902331e-5,0.00010924490969423696,0.12465146056005719,0.135976514528649
60,architecture_1__32/,8.377642493309074e-5,0.00010895520779871758,0.12465814959668907,0.13596049177052585
61,architecture_1__32/,8.330633592695211e-5,0.00010827605057871707,0.12468527492662942,0.13591036267730225
62,architecture_1__32/,8.247177615401834e-5,0.00010701223675159845,0.12472432390673628,0.13578442639696134
63,architecture_1__32/,8.245546087753185e-5,0.00010686242544903908,0.12475479810659154,0.1357138568016201
64,architecture_1__32/,8.383454283260968e-5,0.00010815668353255793,0.12478997070303335,0.13563984812819974
65,architecture_1__32/,8.689516786223418e-5,0.00011193083172428892,0.12481415872603356,0.13556804085726515
66,architecture_1__32/,9.918932504623239e-5,0.0001277489666133374,0.12492709793736811,0.13536678090922702
67,architecture_1__32/,9.224973116850228e-5,0.00011987836410191059,0.1250924978831914,0.13523339356693415
68,architecture_1__32/,0.0001218344524742075,0.00015444863737109713,0.1253894967082441,0.13483069233218464
69,architecture_1__32/,0.0001098561262722048,0.00014080234432958932,0.12553461518189513,0.13467778198787453
70,architecture_1__32/,0.00010179335303358135,0.000131407208773338,0.12548550622956597,0.1345622438536966
71,architecture_1__32/,9.099482012437355e-5,0.00011802531139406896,0.12523083528527618,0.13442711107014668
72,architecture_1__32/,8.29239752011084e-5,0.00010731351567114877,0.12467701268732921,0.1338354084338224
73,architecture_1__32/,7.808037479444405e-5,0.00010507403221138641,0.12199725456824223,0.13341932229216721
74,architecture_1__32/,7.79871775372038e-5,0.00010508265046530467,0.12185537866319873,0.13327058168757797
75,architecture_1__32/,7.888468350178048e-5,0.00010552529596543306,0.12209713913888168,0.13299734466886548
76,architecture_1__32/,7.886468381146165e-5,0.00010564048230741922,0.12192772443930333,0.13284925096433317
77,architecture_1__32/,7.78173006923073e-5,0.00010433292825756287,0.12157711719846952,0.1322622061263999
78,architecture_1__32/,7.681740729003235e-5,0.00010348020742077503,0.12128965246056528,0.13177743632198016
79,architecture_1__32/,7.696726661267216e-5,0.00010356047196039173,0.12136517031566615,0.13190272413860588
80,architecture_1__32/,7.684247427323645e-5,0.00010334368758196408,0.12138329061397336,0.13187802518454603
81,architecture_1__32/,7.675339917755264e-5,0.00010319578999834726,0.12139457871302824,0.13187365793943912
82,architecture_1__32/,7.666050919395489e-5,0.0001030380030969905,0.12140729586312124,0.1318704239516776
83,architecture_1__32/,7.666050295178437e-5,0.0001030379919464358,0.12140729562884388,0.13187043454507366
84,architecture_1__32/,7.666050294432155e-5,0.00010303799192060591,0.12140729562884388,0.13187043454507366
85,architecture_1__32/,7.666050294432155e-5,0.00010303799192060591,0.12140729562884388,0.13187043454507366
86,architecture_1__32/,7.666050294432155e-5,0.00010303799192060591,0.12140729562884388,0.13187043454507366
87,architecture_1__32/,7.644438491526526e-5,0.0001028442563018928,0.12135937857555497,0.13186066736441382
88,architecture_1__32/,7.657669517570925e-5,0.00010302508049202277,0.12136977309873165,0.13187642865380247
89,architecture_1__32/,7.304607771113822e-5,0.00010449477404276377,0.11892221301404973,0.13288181962075346
90,architecture_1__32/,7.260139719353241e-5,0.00010511803734430597,0.11841998855632818,0.1332121787913288
91,architecture_1__32/,7.26127420623587e-5,0.00010505269225732325,0.1184615356102357,0.13318250809279938
92,architecture_1__32/,7.286956142302941e-5,0.00010487193649976968,0.1187894272887181,0.1329882632687441
93,architecture_1__32/,7.34178643254538e-5,0.00010510250423924919,0.11905026964290168,0.13285264273895178
94,architecture_1__32/,7.479539420806516e-5,0.00010627434499749854,0.1193710306821844,0.13265484429694294
95,architecture_1__32/,7.484814195087323e-5,0.00010636438611528312,0.11937356168512425,0.13264825220787552
96,architecture_1__32/,7.277544407956523e-5,0.00010530068172430958,0.11851404944200093,0.13237766616343996
97,architecture_1__32/,7.216333611375343e-5,0.0001058370901231193,0.11696877549712183,0.13104374179999456
98,architecture_1__32/,7.112523796065692e-5,0.0001048618593682469,0.11689216157722045,0.13076188355655277
99,architecture_1__32/,7.108332990287882e-5,0.00010465428310188165,0.11694948388962104,0.1304449676688379
100,architecture_1__32/,7.009654797168479e-5,0.00010448299422506836,0.11655339375547506,0.1303979832011293
101,architecture_1__32/,6.897763546593224e-5,0.0001041988011383418,0.11600552681231012,0.13050686623131602
102,architecture_1__32/,6.665803885274285e-5,0.00010392615781844991,0.11344928419160287,0.12959400109755698
103,architecture_1__32/,6.428853107541443e-5,0.00010527507199187542,0.11090546900180628,0.12983796966422795
104,architecture_1__32/,6.246487047400815e-5,0.00010625231816103117,0.10942726973186809,0.12995754205820945
105,architecture_1__32/,6.188660613437477e-5,0.0001065157124275829,0.10900048364065547,0.13023094839697105
106,architecture_1__32/,6.195568802316413e-5,0.00010639151904920653,0.10910124561442655,0.13014920220421017
107,architecture_1__32/,6.195681247458173e-5,0.00010639034374198797,0.10910242866886728,0.1301487111242797
108,architecture_1__32/,6.197434885252177e-5,0.000106373872237767,0.10912135614081629,0.13013850217403128
109,architecture_1__32/,6.197442987481344e-5,0.00010637386634896524,0.1091213746319118,0.13013852154466243
110,architecture_1__32/,6.197442987481344e-5,0.00010637386634896524,0.1091213746319118,0.13013852154466243
111,architecture_1__32/,6.197442987481344e-5,0.00010637386634896524,0.1091213746319118,0.13013852154466243
112,architecture_1__32/,8.031074892577216e-5,0.0001189443020904586,0.10926297232394205,0.12988898857330508
113,architecture_1__32/,7.638187226890644e-5,0.00011932868695153525,0.10949361850909727,0.13013523921006323
114,architecture_1__32/,6.762146906326076e-5,0.00012650904394768397,0.10080917880199083,0.13627270224039487
115,architecture_1__32/,6.586308653792533e-5,0.00011700207250073583,0.10548659394585738,0.13284014722190984
116,architecture_1__32/,6.068436367134944e-5,0.00011074127999769632,0.10610789034256855,0.13231306826369899
117,architecture_1__32/,5.7864504419512195e-5,0.00010867331747570036,0.10575613946884493,0.1324929685028605
118,architecture_1__32/,5.706317622515817e-5,0.00010928953316552004,0.10504261819460332,0.1330089018890556
119,architecture_1__32/,5.698838240011311e-5,0.00010934864057783379,0.10497276400412991,0.13306004635708674
120,architecture_1__32/,5.701479073976021e-5,0.00010956206290057592,0.10488973507244784,0.1331238657396456
121,architecture_1__32/,5.7180281916069324e-5,0.00010975494994035807,0.10490408465514058,0.1331160759962172
122,architecture_1__32/,5.746384813778334e-5,0.00011022710089287724,0.10486012839153434,0.1331521803539554
123,architecture_1__32/,5.7538669207028554e-5,0.00011024712310582102,0.104895815777987,0.13312657647630005
124,architecture_1__32/,5.7729398269904295e-5,0.00011038324429157767,0.10494789302478473,0.1330861142749099
125,architecture_1__32/,5.790586698568359e-5,0.00011055866029786967,0.10497356845816985,0.13306187397248823
126,architecture_1__32/,5.9075049094143565e-5,0.00011153785642352197,0.10521911058353071,0.1328258007773394
127,architecture_1__32/,5.843489666601518e-5,0.00011096086490204844,0.10509835280398175,0.13290969680282758
128,architecture_1__32/,5.733010172853273e-5,0.00011005658923499469,0.10484044207350818,0.13304146019884863
129,architecture_1__32/,5.6551337605763306e-5,0.00010994950604250553,0.10436378825221793,0.13327027603958136
130,architecture_1__32/,5.6286504314415074e-5,0.00011068029595143017,0.10378240951361514,0.1334597131652069
131,architecture_1__32/,5.577374033116027e-5,0.00011339307535174321,0.10204013084435508,0.13396950181776626
132,architecture_1__32/,5.589257246097486e-5,0.00011560790738204037,0.10073709366710136,0.13439796677368376
133,architecture_1__32/,5.534336199316555e-5,0.00011560736122965283,0.10038731600738357,0.1347595279238461
134,architecture_1__32/,5.404197649886597e-5,0.00011655107453232618,0.09914755106089729,0.13581167132578245
135,architecture_1__32/,5.281568856569731e-5,0.0001170252426564127,0.09811959717909444,0.13688988648892664
136,architecture_1__32/,5.164456890054431e-5,0.00011705363860517778,0.0974073923686416,0.13781044430775843
137,architecture_1__32/,4.921413040813712e-5,0.00011807162617382945,0.09561661983046467,0.14032409277670785
138,architecture_1__32/,4.868916916206618e-5,0.00011876003741013423,0.09510592365206635,0.1412813091241921
139,architecture_1__32/,4.8943256329795824e-5,0.000118730368060488,0.0952199427785824,0.14104154120468634
140,architecture_1__32/,4.877350674363945e-5,0.00011925482625123102,0.09491756394660245,0.14151015644054046
141,architecture_1__32/,4.766006082733428e-5,0.00012191719921190785,0.09326335621512583,0.1442467445751569
142,architecture_1__32/,4.7495388497889896e-5,0.00012254547464466802,0.09290235223995515,0.1447676331982319
143,architecture_1__32/,4.725896755281181e-5,0.00012319143699905354,0.09252044184642973,0.14540045221940662
144,architecture_1__32/,4.722054398462658e-5,0.00012311137163442042,0.09253704311386858,0.14539449867537052
145,architecture_1__32/,4.724483081951497e-5,0.00012304392638432345,0.09257254395601429,0.14532036053823552
146,architecture_1__32/,4.72453127807581e-5,0.00012304225593440135,0.0925721995392941,0.145318075963686
147,architecture_1__32/,4.72453181217965e-5,0.00012304226178367717,0.09257219957290429,0.14531807530398694
148,architecture_1__32/,4.72453181217965e-5,0.00012304226178367717,0.09257219957290429,0.14531807530398694
149,architecture_1__32/,4.72453181217965e-5,0.00012304226178367717,0.09257219957290429,0.14531807530398694
150,architecture_1__32/,4.839950309693436e-5,0.00012535549312240967,0.09201806923409128,0.1459810861290264
151,architecture_1__32/,4.6732684663904956e-5,0.00012375039715594526,0.09197148209432729,0.14609484738021516
152,architecture_1__32/,4.4625197900891076e-5,0.00012635572072195134,0.0896505812633291,0.14919576704138318
153,architecture_1__32/,4.4095014194682075e-5,0.0001256904932879115,0.08967666334315133,0.14918651763493349
154,architecture_1__32/,4.434154920329305e-5,0.00012661497910025293,0.08938341358627792,0.14961409773976345
155,architecture_1__32/,4.38681238610482e-5,0.00012660537620341145,0.08914704564772119,0.15000692974184485
156,architecture_1__32/,4.262437271298067e-5,0.0001267254484378515,0.08855398646700204,0.15123956757536772
157,architecture_1__32/,4.290260200826883e-5,0.00012701507464040002,0.08850646818445827,0.15123766708106173
158,architecture_1__32/,4.24986247418049e-5,0.00012757357492224622,0.08805964486967922,0.15205030633404454
159,architecture_1__32/,4.137350156844274e-5,0.00012951209769367387,0.08655203982547652,0.1546879823490232
160,architecture_1__32/,4.0860843135291136e-5,0.00013070709324677657,0.08568522152232871,0.15608135519602437
161,architecture_1__32/,4.006941561039329e-5,0.00013304670088616386,0.08402100322018587,0.1586084716385979
162,architecture_1__32/,4.013166259316171e-5,0.00013306477883586414,0.08404017536844326,0.1586372703374501
163,architecture_1__32/,4.0349415825528656e-5,0.00013241580876669358,0.08450151151459666,0.15789541029865775
164,architecture_1__32/,4.055692774874534e-5,0.00013197239073765266,0.08485517572431706,0.1573078752259227
165,architecture_1__32/,4.044641089467991e-5,0.00013232465647588238,0.08461226131108637,0.15771307906738122
166,architecture_1__32/,4.046615022298236e-5,0.00013233229013848426,0.08462228915762897,0.1577129930519316
167,architecture_1__32/,4.054049728132043e-5,0.00013222417643652212,0.08472478828859098,0.1575438245654338
168,architecture_1__32/,4.054049553788012e-5,0.0001322247263034917,0.08472479025063304,0.1575442895395376
169,architecture_1__32/,4.054053925314773e-5,0.00013222457176454048,0.08472483226990414,0.1575440281324621
170,architecture_1__32/,4.054042094983458e-5,0.000132226086016142,0.08472426142425417,0.15754563879028755
171,architecture_1__32/,4.054042094983458e-5,0.000132226086016142,0.08472426142425417,0.15754563879028755
172,architecture_1__32/,4.054042094983458e-5,0.000132226086016142,0.08472426142425417,0.15754563879028755
173,architecture_1__32/,5.035559077051799e-5,0.0001432861956095029,0.08333539907643593,0.15938763356624228
174,architecture_1__32/,4.502789145683745e-5,0.00013852430430030216,0.08334118452481798,0.15934081261991354
175,architecture_1__32/,4.451285046109053e-5,0.00013897144918176844,0.08273443139099014,0.16012572356805704
176,architecture_1__32/,4.1282132833163254e-5,0.0001354215977486848,0.08295284227364962,0.15979808886301936
177,architecture_1__32/,4.147057204480518e-5,0.00013591572383849952,0.08312916211699745,0.15959300641798035
178,architecture_1__32/,4.0182417449533446e-5,0.0001342518915306145,0.08321401457717052,0.15945508009135612
179,architecture_1__32/,3.938561421360915e-5,0.00013334521980096236,0.08333369858404745,0.15930600483055532
180,architecture_1__32/,3.939238256537118e-5,0.00013327266797363092,0.0833584198886183,0.15926934189320371
181,architecture_1__32/,3.939329945667772e-5,0.0001331504141552048,0.08343525540958545,0.15918045512602147
182,architecture_1__32/,3.9346864360924746e-5,0.00013315792006351226,0.08340905773898946,0.15923196092043407
183,architecture_1__32/,3.923011279950926e-5,0.00013335737187440471,0.08324689686674351,0.15951193048764306
184,architecture_1__32/,3.9081585338404456e-5,0.00013372299598817422,0.08300339707827076,0.16001987520849825
185,architecture_1__32/,3.888491009834689e-5,0.0001339671472684306,0.08273931078420045,0.16042259042823173
186,architecture_1__32/,3.834525064847093e-5,0.00013514508360489228,0.081763914632025,0.16205273513713145
187,architecture_1__32/,3.822766090891246e-5,0.0001354713387403237,0.08151336429169485,0.1624638370320689
188,architecture_1__32/,3.8200291648663086e-5,0.00013561673497221186,0.08141101352259597,0.16257636974307874
189,architecture_1__32/,3.818833056554421e-5,0.00013552110080872762,0.08145841252907322,0.16252637707672285
190,architecture_1__32/,3.818826717532545e-5,0.00013552102218884263,0.08145837966101116,0.1625263456956733
191,architecture_1__32/,3.818826717532545e-5,0.00013552102218884263,0.08145837966101116,0.1625263456956733
192,architecture_1__32/,3.818826717532545e-5,0.00013552102218884263,0.08145837966101116,0.1625263456956733
193,architecture_1__32/,4.022552151519697e-5,0.00013881045621639838,0.08050484878841888,0.16379918649740693
194,architecture_1__32/,3.8886314770236264e-5,0.00013763134732111445,0.08048820123761306,0.16379588520464813
195,architecture_1__32/,3.852519794489754e-5,0.0001383947946153798,0.07966845754142252,0.16486979220190248
196,architecture_1__32/,3.7436946469658675e-5,0.00013680922451628772,0.07961020686820501,0.164858322760725
197,architecture_1__32/,3.6967742542747654e-5,0.00013661940743873083,0.0796507747874845,0.1648443016834569
198,architecture_1__32/,3.690305176755311e-5,0.0001370265991922378,0.07960241792035455,0.16506580089290904
199,architecture_1__32/,3.6921154159996056e-5,0.00013712802215110154,0.07946758196182926,0.1652812995550163
200,architecture_1__32/,3.673908863098273e-5,0.00013735127303931665,0.07922749976926206,0.16569540325852197
201,architecture_1__32/,3.6439593376888445e-5,0.0001379057876347896,0.0787285335575451,0.16655134715153383
202,architecture_1__32/,3.6231203208817584e-5,0.0001384101757678437,0.07837884053330181,0.16736607441178322
203,architecture_1__32/,3.572880161255134e-5,0.00013964212385561748,0.07738656357232589,0.16935863379113053
204,architecture_1__32/,3.567612287245559e-5,0.00013975312436806132,0.07728803060592526,0.16940101089089574
205,architecture_1__32/,3.552789354145173e-5,0.00014011309717796804,0.0769898940635021,0.16992832828197657
206,architecture_1__32/,3.550310157250737e-5,0.00014012005539945491,0.0769536502232097,0.16995419161106023
207,architecture_1__32/,3.5507591678859056e-5,0.00014010320544323633,0.07696776544279205,0.169936672607068
208,architecture_1__32/,3.556257367776879e-5,0.00013990837255830447,0.07715969128251271,0.16973283271224007
209,architecture_1__32/,3.5553265677842996e-5,0.00013988047807778759,0.0771905964260894,0.16972031785929595
210,architecture_1__32/,3.553016533062445e-5,0.00013981969409084622,0.07724431502261722,0.1696966894613258
211,architecture_1__32/,3.506892789202039e-5,0.0001405165086819186,0.07676636485446825,0.17097065989425558
212,architecture_1__32/,3.503149537955968e-5,0.000140549813582268,0.07673268975905247,0.1710453836230466
213,architecture_1__32/,3.51050127196732e-5,0.00014043866591393654,0.07694315691066445,0.17095404923450747
214,architecture_1__32/,3.5068286276761605e-5,0.00014052871746290322,0.07689622772049962,0.17110063489153057
215,architecture_1__32/,3.504872981874491e-5,0.00014058999457427644,0.07686939134634954,0.17119259742460063
216,architecture_1__32/,3.501599545543334e-5,0.00014070049207325948,0.07681461106097384,0.1713509161161993
217,architecture_1__32/,3.497799504597821e-5,0.0001408483448895045,0.07674573829442945,0.17155501902439474
218,architecture_1__32/,3.486606845539272e-5,0.00014182868886933724,0.07626457515868224,0.1727832660240762
219,architecture_1__32/,3.500808985581914e-5,0.00014170044934157618,0.0765806548896719,0.17261581941962353
220,architecture_1__32/,3.498157052219618e-5,0.00014172156150055545,0.07657995065994803,0.17263356089985193
221,architecture_1__32/,3.508953149418462e-5,0.0001423695488487191,0.0764384281747963,0.17320015459824528
222,architecture_1__32/,3.5101810628354584e-5,0.00014253145446826407,0.07636733894919172,0.17335762960319456
223,architecture_1__32/,3.51388516561921e-5,0.0001424715435552401,0.07641218353228309,0.1732705356348435
224,architecture_1__32/,3.506243630995504e-5,0.00014234615740386266,0.07637429489169258,0.17321127980736822
225,architecture_1__32/,3.508538083736223e-5,0.00014241507890833796,0.07637791718252103,0.1732642734317476
226,architecture_1__32/,3.5106971898007216e-5,0.0001424469590533004,0.07639845950947752,0.1732845506281552
227,architecture_1__32/,3.510308929797327e-5,0.00014250388784494615,0.07637818072840911,0.1733522279657436
228,architecture_1__32/,3.504843936432341e-5,0.00014363189919049324,0.07600474887126742,0.17469791797566897
229,architecture_1__32/,3.473571308807052e-5,0.00014462710330536812,0.07559841118161278,0.1761139766124004
230,architecture_1__32/,3.479290590865013e-5,0.0001452005041528654,0.07542576510741705,0.17687236802119383
231,architecture_1__32/,3.445378106942931e-5,0.0001446371863940321,0.07556024271405308,0.17665743591850422
232,architecture_1__32/,3.430208063785001e-5,0.00014543836479721364,0.07545801271918157,0.1779487526127069
233,architecture_1__32/,3.422067058865243e-5,0.00014724577981026224,0.07495509290988885,0.18000823441537747
234,architecture_1__32/,3.420665466099715e-5,0.00014785804154049574,0.07481451238348698,0.18068435867048863
235,architecture_1__32/,3.395532825371233e-5,0.00014974359148015804,0.07428092901753336,0.18299625915442622
236,architecture_1__32/,3.370208487722102e-5,0.0001511491961062996,0.07456217390222755,0.18527004093414023
237,architecture_1__32/,3.3508301996634865e-5,0.00015060537820287586,0.07424129463723472,0.1845488919992857
238,architecture_1__32/,3.360416050514769e-5,0.00015041559841656428,0.07442174120469106,0.18428487490464182
239,architecture_1__32/,3.3624120209157104e-5,0.00015063236412266642,0.07446640921040269,0.18454419211819392
240,architecture_1__32/,3.357738897959255e-5,0.00015103697593561803,0.0743836968780177,0.18506293812759786
241,architecture_1__32/,3.356603620932852e-5,0.00015123231574815004,0.07436496639679896,0.18530513495597742
242,architecture_1__32/,3.35889660509815e-5,0.00015107797943601754,0.07440732634146621,0.18510124647919893
243,architecture_1__32/,3.3590434321269056e-5,0.00015107224042141697,0.07441032949391133,0.1850935578353975
244,architecture_1__32/,3.697714550101095e-5,0.0001508289698812053,0.07692668225600983,0.1827536993193666
245,architecture_1__32/,3.540409503167924e-5,0.00014974601452509548,0.07668267620659817,0.18294744338522126
246,architecture_1__32/,3.4308642623478523e-5,0.00015548978109993628,0.07071427394269944,0.19051521951433098
247,architecture_1__32/,3.3043197373825104e-5,0.0001535135741329321,0.07201611554862775,0.18801317107482177
248,architecture_1__32/,3.2748221816366055e-5,0.00015283395320300153,0.07242759282609292,0.18745958372139862
249,architecture_1__32/,3.2601535013654e-5,0.00015300289785544742,0.07232081175500775,0.18775282920696976
250,architecture_1__32/,3.230777303143979e-5,0.00015362379775172322,0.07197467454278854,0.1892135076402032
251,architecture_1__32/,3.1838926737404436e-5,0.00015463936198546957,0.07075931302839387,0.19066791160118832
252,architecture_1__32/,3.180328855627315e-5,0.00015472192802110804,0.0706894921463421,0.19089359535359307
253,architecture_1__32/,3.1803394468743125e-5,0.00015473397451128034,0.0706755710888449,0.19091745760299564
254,architecture_1__32/,3.1797764811076084e-5,0.00015475402143706117,0.07065264917693811,0.19096308418985367
255,architecture_1__32/,3.179560335058204e-5,0.0001547503322214265,0.07067047336761136,0.19096621843641043
256,architecture_1__32/,3.180043931847497e-5,0.00015473969537378845,0.07071608641285143,0.19090186437909307
257,architecture_1__32/,3.179407369544289e-5,0.0001547487337140918,0.07068840111814859,0.19093818565276213
258,architecture_1__32/,3.1789565592733215e-5,0.0001547679580868452,0.07067831513429038,0.1909706426380286
259,architecture_1__32/,3.1785020977111434e-5,0.00015480504269500177,0.07067390664197333,0.19102673450345117
260,architecture_1__32/,3.1784040072447916e-5,0.00015484089147398627,0.07067043038945767,0.19107112369155738
261,architecture_1__32/,3.1777708523681976e-5,0.00015489343513534886,0.07065439457187134,0.19113271397652934
262,architecture_1__32/,3.176166266082386e-5,0.00015498256627679462,0.07060746801496781,0.19124993939697593
263,architecture_1__32/,3.1667415255656053e-5,0.00015533726639827992,0.07032009479346259,0.1917712720012898
264,architecture_1__32/,3.1658140627612075e-5,0.000155433891004785,0.07030513019148363,0.19193158682066896
265,architecture_1__32/,3.163957138467789e-5,0.00015553233263546125,0.07030777550012841,0.19207079713299255
266,architecture_1__32/,3.1652237965630295e-5,0.00015608362669181222,0.07042017807710403,0.1927461434584529
267,architecture_1__32/,3.164085318112149e-5,0.0001561166766119679,0.07041344503691147,0.1927937560545643
268,architecture_1__32/,3.159370646820386e-5,0.0001562708807350968,0.07029668021067652,0.19298060087414448
269,architecture_1__32/,3.1607904495860355e-5,0.00015647700605144006,0.07024321836499922,0.19317783551499396
270,architecture_1__32/,3.155670124315692e-5,0.00015659610294453284,0.07012875701435872,0.19333693747526384
271,architecture_1__32/,3.1479649751879194e-5,0.0001567136126153161,0.06998018538949119,0.19351587253517627
272,architecture_1__32/,3.129747480754262e-5,0.00015692822841576853,0.0697152729865965,0.19383310160273376
273,architecture_1__32/,3.125536322596735e-5,0.0001571132265041757,0.06964378294122146,0.1940386475194545
274,architecture_1__32/,3.124900002146483e-5,0.00015718850678905576,0.06966232748450805,0.19411720062529036
275,architecture_1__32/,3.137860706688839e-5,0.0001577058534510591,0.07033690074424627,0.1946292306804281
276,architecture_1__32/,3.116400064594795e-5,0.00015804665766578542,0.06992100076564293,0.19495823923429603
277,architecture_1__32/,3.1097082517752e-5,0.00015844318957608378,0.06982229399251927,0.1953314705824748
278,architecture_1__32/,3.1015449836864136e-5,0.00015870423048688995,0.06966863797193124,0.19560661562970935
279,architecture_1__32/,3.103028980223591e-5,0.0001589052180470461,0.06972699729190927,0.1958049598377099
280,architecture_1__32/,3.1038568907480854e-5,0.00015941868964394114,0.06977835290909376,0.19629335048902866
281,architecture_1__32/,3.105920965334689e-5,0.00015921690646178888,0.06987705538551044,0.1961173800729294
282,architecture_1__32/,3.101230482333724e-5,0.00015916797597684967,0.06975381946642312,0.19609417248552008
283,architecture_1__32/,3.098060491078753e-5,0.00015928692276790472,0.06969510015438725,0.19621570430777627
284,architecture_1__32/,3.095075916810781e-5,0.00015938260585319114,0.06962820966695701,0.19631136288796255
285,architecture_1__32/,3.0914687958778936e-5,0.00015947831968513414,0.06954847223797332,0.19640898606133417
286,architecture_1__32/,3.087363636286309e-5,0.00015958839596079972,0.06944661944192854,0.19650870446504412
287,architecture_1__32/,3.0821821551049916e-5,0.00015956293375895314,0.06935010389317915,0.19649270391818582
288,architecture_1__32/,3.076677023908883e-5,0.00015958950832668095,0.06925247556404024,0.19643395601098507
289,architecture_1__32/,3.079545734669243e-5,0.00015963552242187766,0.06932173336746195,0.19653602793442693
290,architecture_1__32/,3.082701046684404e-5,0.00015967269106921593,0.06938682520377962,0.19658155492490204
291,architecture_1__32/,3.079316769903935e-5,0.00015970138997903569,0.06931763051151452,0.19658105988393698
292,architecture_1__32/,3.080494618866873e-5,0.0001596778077232489,0.06934652575082609,0.1965745382620841
293,architecture_1__32/,3.080273582150883e-5,0.00015968672938663028,0.06934170102201068,0.19658129864939755
294,architecture_1__32/,3.08026447716648e-5,0.0001596870605382443,0.06934133800465683,0.1965811770105478
295,architecture_1__32/,8.430966870514553e-5,0.0002015626731758175,0.06899048661486436,0.19649505677884935
296,architecture_1__32/,4.0991900600773334e-5,0.00016836814858761607,0.06949029957391294,0.19670420831478008
297,architecture_1__32/,4.1008388773459095e-5,0.00016852173059689373,0.06852326705391272,0.19665761162029463
298,architecture_1__32/,3.70060947265398e-5,0.0001659386799731483,0.06858131890592867,0.1966553238767472
299,architecture_1__32/,3.333069567158699e-5,0.00016207643829564239,0.06843857676803715,0.19657687427674064
300,architecture_1__32/,3.08860013552291e-5,0.00015985946662764596,0.06842411291695644,0.19650018931439733
301,architecture_1__32/,3.075169444023278e-5,0.00015989028514222685,0.06836573457684889,0.1964831784075598
302,architecture_1__32/,3.0730124456748935e-5,0.00015987387997060652,0.06836766640124177,0.19648555806606116
303,architecture_1__32/,3.072802425213291e-5,0.00015986024987286256,0.06833070582888531,0.19646482457223907
304,architecture_1__32/,3.074968448898527e-5,0.00015982134847317898,0.06816962512648739,0.19637970626428022
305,architecture_1__32/,3.080085846886282e-5,0.00015973842444322255,0.06793675153768017,0.19619500835285003
306,architecture_1__32/,3.076633229346789e-5,0.0001596934053930482,0.0678991642092114,0.19612679717535583
307,architecture_1__32/,3.058790102339916e-5,0.0001589686527071627,0.06746746169040083,0.19506675383195976
308,architecture_1__32/,3.0770870562472586e-5,0.00015707643182315481,0.06646941711553392,0.19153538159219297
309,architecture_1__32/,3.0475632451996307e-5,0.0001578205222528066,0.06698260045539628,0.19301928668894175
310,architecture_1__32/,3.049418800113219e-5,0.0001576174430642473,0.06678107857555493,0.19267881201327358
311,architecture_1__32/,3.042496767271642e-5,0.000157441418251331,0.06681056729498311,0.19247513892512802
312,architecture_1__32/,3.0411195773308325e-5,0.00015674338635046972,0.06693840891638135,0.19159910925003926
313,architecture_1__32/,3.0380533845025698e-5,0.00015696530167737065,0.06683450018513258,0.1918669610716977
314,architecture_1__32/,3.038386747112147e-5,0.00015694825692445146,0.06675525513364933,0.19181927584001418
315,architecture_1__32/,3.037777757210954e-5,0.00015687203190405442,0.06676606636826592,0.1917208264976713
316,architecture_1__32/,3.0379973872712262e-5,0.0001567837917239075,0.06675242493287825,0.19159908448651655
317,architecture_1__32/,3.0383048911503147e-5,0.0001566736205104582,0.0667411392144822,0.19144447525989802
318,architecture_1__32/,3.0380824533340236e-5,0.00015670247332562765,0.0667448773751701,0.19148633418009295
319,architecture_1__32/,3.038051597331892e-5,0.00015671494114910824,0.06674490557412519,0.191505263842975
320,architecture_1__32/,3.038051597331892e-5,0.00015671494114910824,0.06674490557412519,0.191505263842975
321,architecture_1__32/,3.038051597331892e-5,0.00015671494114910824,0.06674490557412519,0.191505263842975
322,architecture_1__32/,3.3437988897547364e-5,0.00015836977568121514,0.06675909792124815,0.19154875158418988
323,architecture_1__32/,3.228593928816897e-5,0.00015839533532638705,0.06684938260949569,0.1915841621664048
324,architecture_1__32/,3.228578387285881e-5,0.00015835771155922964,0.06679009417570789,0.19151437070689772
325,architecture_1__32/,3.211406623490697e-5,0.00015837309433150364,0.0668012345887099,0.19152373001205122
326,architecture_1__32/,3.0608427172102665e-5,0.0001570046896757997,0.06682814249359642,0.19162280221749867
327,architecture_1__32/,3.0379939823175946e-5,0.00015681643592017254,0.06680313559821643,0.1916577469576823
328,architecture_1__32/,3.0376759704444737e-5,0.0001568173134156179,0.0667889131784816,0.19165745089460634
329,architecture_1__32/,3.0375280167932426e-5,0.00015683607970958514,0.06677209289435451,0.19168213083317204
330,architecture_1__32/,3.03743443537579e-5,0.0001568437460289198,0.06676721546264074,0.19169141084216712
331,architecture_1__32/,3.0374176058405574e-5,0.00015688322758168765,0.0667671707028027,0.19174618459044365
332,architecture_1__32/,3.037116597372448e-5,0.00015692526545445885,0.06677388501158818,0.19180611596248345
333,architecture_1__32/,3.0367400661904813e-5,0.00015702264846458895,0.06678722683489394,0.19194727234989128
334,architecture_1__32/,3.036382880910749e-5,0.00015731362390171294,0.06682352673405446,0.19237723737043858
335,architecture_1__32/,3.036287821742905e-5,0.00015729258872608466,0.06682363105433015,0.19234699878333575
336,architecture_1__32/,3.036223009667716e-5,0.00015722986704335315,0.06682199580990729,0.19225594907329285
337,architecture_1__32/,3.0360901104983095e-5,0.0001572380989725108,0.06683267223388974,0.1922733207973639
338,architecture_1__32/,3.0359446683654653e-5,0.0001572566480185837,0.06685090962034038,0.19230693558197037
339,architecture_1__32/,3.0358267291642737e-5,0.0001572718457649481,0.06686943102811424,0.19233842126892614
340,architecture_1__32/,3.035575153175229e-5,0.00015734207294710887,0.06691993686689866,0.19246048191459175
341,architecture_1__32/,3.035468884357639e-5,0.00015748078573972192,0.06698024424837973,0.19269534960514387
342,architecture_1__32/,3.035428886447743e-5,0.00015752110100205547,0.06699104913081139,0.19276006429191717
343,architecture_1__32/,3.035332896760373e-5,0.0001575280242951349,0.06698886554804787,0.19276890955242926
344,architecture_1__32/,3.0345177995878428e-5,0.00015750058502850658,0.06691260899492056,0.19269609598461868
345,architecture_1__32/,3.0341257560901744e-5,0.00015751515194338647,0.06689193269911202,0.19270874447738834
346,architecture_1__32/,3.0339202629741564e-5,0.00015754030920701927,0.06688289829334888,0.19274344928294443
347,architecture_1__32/,3.0331460232491702e-5,0.00015759679616220867,0.06683853576397814,0.1928147244837824
348,architecture_1__32/,3.0330699627116968e-5,0.00015759782464032834,0.06683305325279879,0.19281300614612892
349,architecture_1__32/,3.0320419932723815e-5,0.0001575720033849613,0.06678284297653493,0.19276019725895724
350,architecture_1__32/,3.0317009515632075e-5,0.00015749477183961508,0.06671021328234193,0.1926178340418799
351,architecture_1__32/,3.0293395661526593e-5,0.00015750352689285479,0.06678921208100988,0.19266535407943539
352,architecture_1__32/,3.0264804733830744e-5,0.00015741819772724047,0.06678578468062533,0.19255100485598298
353,architecture_1__32/,3.020947078972396e-5,0.0001572367074726929,0.0666211640902562,0.1922496614480631
354,architecture_1__32/,3.018792094170315e-5,0.00015715977063920268,0.06653563109668686,0.19212127801005485
355,architecture_1__32/,3.0138425099771446e-5,0.0001571433392098838,0.0665374106387883,0.1921031523486664
356,architecture_1__32/,3.012539049112335e-5,0.00015713277988479564,0.06647054352681336,0.19206396949441853
357,architecture_1__32/,3.0106071505341937e-5,0.00015714806961920005,0.06643032869475983,0.1920737488484707
358,architecture_1__32/,3.0080127001465026e-5,0.00015728065007595353,0.06580131039931122,0.19213899774107537
359,architecture_1__32/,3.0029759803237057e-5,0.0001573576540961317,0.06628263236264667,0.19240721619519668
360,architecture_1__32/,3.0011944074020515e-5,0.00015728351470779888,0.06651967340664777,0.19240690924330042
361,architecture_1__32/,2.9941011327590135e-5,0.00015732977590613692,0.06618216182690455,0.19242081647213982
362,architecture_1__32/,2.990784031784722e-5,0.00015752660028348441,0.06596626976071242,0.19269389369292544
363,architecture_1__32/,2.985585665535632e-5,0.0001577267793286023,0.06609945133066752,0.19304716162167648
364,architecture_1__32/,2.9793552767441443e-5,0.00015839382076724854,0.06630958302484383,0.19412526515961523
365,architecture_1__32/,2.978503237728083e-5,0.00015845945401303372,0.0662432010787452,0.19420829970346673
366,architecture_1__32/,2.978033985626369e-5,0.00015854223691028654,0.06618358295741956,0.1943185469005246
367,architecture_1__32/,2.9767639542156356e-5,0.00015843735719681096,0.06612148409480194,0.1941422591344696
368,architecture_1__32/,2.9741172100751214e-5,0.0001584129808403896,0.0660564398595779,0.19410464812543135
369,architecture_1__32/,2.9691490401646172e-5,0.00015822534701814765,0.06531182412472893,0.19370915875381983
370,architecture_1__32/,2.9565018800733952e-5,0.00015728698158099097,0.06501029129177353,0.1923298011338183
371,architecture_1__32/,2.947062845633039e-5,0.00015519963897657474,0.06273389564667521,0.18870171429638077
372,architecture_1__32/,2.940493552355983e-5,0.00015436580381559764,0.06226529685322877,0.18746400424414514
373,architecture_1__32/,2.9376789501622892e-5,0.0001541623231599577,0.06263618898480833,0.1872988061026068
374,architecture_1__32/,2.9307405262051364e-5,0.00015314103097365656,0.06223815663910454,0.18587560640232095
375,architecture_1__32/,2.9289915820838518e-5,0.0001529546468758996,0.06210730073626595,0.1855852601747561
376,architecture_1__32/,2.9280846756286108e-5,0.00015276164261136235,0.06196537752684566,0.1852813112227927
377,architecture_1__32/,2.9267046664936922e-5,0.00015313409274639095,0.062061882802131256,0.18583491031616267
378,architecture_1__32/,2.925749892899865e-5,0.00015322816442872142,0.0620755309134344,0.1859806266725039
379,architecture_1__32/,2.9240374329708894e-5,0.0001534102275969472,0.06196832660574408,0.1862177716639429
380,architecture_1__32/,2.9217983371488848e-5,0.00015338539555167016,0.061951554871778364,0.18619941734915715
381,architecture_1__32/,2.917206710897924e-5,0.00015336506082940123,0.06187741731174015,0.18617665739658792
382,architecture_1__32/,2.913019241142006e-5,0.0001534864379266944,0.06179120817431121,0.18634686201189504
383,architecture_1__32/,2.910946042869398e-5,0.00015355242387287245,0.0617245248439855,0.18643638420885503
384,architecture_1__32/,2.906378176241632e-5,0.00015412081333175776,0.06150946021158387,0.18725551455785494
385,architecture_1__32/,2.9038801051170626e-5,0.00015441924855821553,0.061801633575951184,0.1877512033014447
386,architecture_1__32/,2.901259263823743e-5,0.00015421942968537523,0.061605965506662586,0.1874206684237409
387,architecture_1__32/,2.89825375711813e-5,0.00015430449042561314,0.061572623712752544,0.1875650463740313
388,architecture_1__32/,2.8965408822102627e-5,0.0001546154177575874,0.06144577839308251,0.18804571924023558
389,architecture_1__32/,2.890763747158093e-5,0.00015468500692852365,0.0614970416422888,0.18818032254265968
390,architecture_1__32/,2.8890004067700332e-5,0.00015500893666471033,0.06121487956436028,0.1886617714311894
391,architecture_1__32/,2.883116393464992e-5,0.0001551547897471776,0.06129809091111199,0.18896657953075272
392,architecture_1__32/,2.8781566236308385e-5,0.00015547652230781295,0.06115357498184684,0.18953184646560386
393,architecture_1__32/,2.877805054172641e-5,0.00015546855238734344,0.061164128289787074,0.18955359683576295
394,architecture_1__32/,2.875141294993192e-5,0.00015541099524013364,0.06070642944476664,0.18937187784719645
395,architecture_1__32/,2.8743859632440666e-5,0.00015514443129424223,0.06082309218286168,0.18901479525082626
396,architecture_1__32/,2.8741602431888383e-5,0.0001551328954187825,0.060812035310818746,0.18900936128403503
397,architecture_1__32/,2.874057633201467e-5,0.00015518450812267078,0.06073142833446376,0.18906892873253608
398,architecture_1__32/,2.873865808917076e-5,0.00015517090171392035,0.060663193831284844,0.18902816928524546
399,architecture_1__32/,2.8737321413650672e-5,0.00015510852313645806,0.060563384685210275,0.18891600886331283
400,architecture_1__32/,2.8733376994312566e-5,0.00015489197219276918,0.06048403675334833,0.18858822265377267
401,architecture_1__32/,2.8725061177855618e-5,0.00015482555197977535,0.06036798531085267,0.1884751775027875
402,architecture_1__32/,2.8715436148824253e-5,0.000154714883193395,0.06010574051624436,0.18826840232637643
403,architecture_1__32/,2.8710551020454306e-5,0.00015468254903867152,0.05996642349332679,0.1881869569811837
404,architecture_1__32/,2.8697262125480874e-5,0.0001544151282481761,0.05941565745797123,0.18768892424547678
405,architecture_1__32/,2.8668513597555053e-5,0.00015407120018911386,0.05886266569229607,0.18705273258855284
406,architecture_1__32/,2.8667380335125914e-5,0.0001536915746872023,0.05843956259358881,0.1864273349897325
407,architecture_1__32/,2.8656475883333687e-5,0.0001535180749962123,0.0590789329873292,0.18642196745658948
408,architecture_1__32/,2.864437215142899e-5,0.00015339382070268592,0.05905891639343227,0.18623127461665717
409,architecture_1__32/,2.8634239929791317e-5,0.00015353085210827793,0.05837659032408587,0.18626454742261653
410,architecture_1__32/,2.8621832866964437e-5,0.00015353379183512578,0.058562821836559004,0.1863251497863689
411,architecture_1__32/,2.8606319849618074e-5,0.00015355794523391872,0.05884003389367271,0.1864345682792336
412,architecture_1__32/,2.860580804832232e-5,0.0001535598249157186,0.05882756875336028,0.18643454579815383
413,architecture_1__32/,2.860580746110963e-5,0.0001535598031071268,0.058827555791371965,0.18643449976950638
414,architecture_1__32/,2.860572498754581e-5,0.0001535590728312106,0.058827375374750926,0.18643265547529234
415,architecture_1__32/,2.8605409119800024e-5,0.0001535578248133118,0.05882627117046076,0.18643013249392296
416,architecture_1__32/,2.8604483229961782e-5,0.00015361710149338148,0.058828245243434205,0.1865243228039573
417,architecture_1__32/,2.860050751384631e-5,0.00015376562012797774,0.0588364900062302,0.18676237726950443
418,architecture_1__32/,2.8593336470220025e-5,0.0001541867407904837,0.058871854809490656,0.18746280786928993
419,architecture_1__32/,2.859000009514329e-5,0.00015440810524546314,0.058901694994785654,0.18784665202299436
420,architecture_1__32/,2.8589441551686135e-5,0.00015444996922239806,0.05890837327405936,0.18791810005883283
421,architecture_1__32/,2.8588618266605343e-5,0.00015450470622787303,0.058915880701450804,0.18801398783544795
422,architecture_1__32/,2.8587550331562086e-5,0.00015457021707713248,0.05891707959671093,0.1881330292367386
423,architecture_1__32/,2.8586188117710225e-5,0.00015460041765222483,0.05890754159599466,0.18819324960557393
424,architecture_1__32/,2.858370359984073e-5,0.0001545195156011886,0.058885521055856295,0.18805942759441086
425,architecture_1__32/,2.8582797320485868e-5,0.0001543085546658537,0.058789814534021295,0.1877109732954184
426,architecture_1__32/,2.8580768954431356e-5,0.00015426723708389552,0.058814479530892826,0.1876423940831581
427,architecture_1__32/,2.857980548278813e-5,0.00015431023291405242,0.05882926846620714,0.18771458530178206
428,architecture_1__32/,2.857795962032928e-5,0.00015440703315225507,0.05885389124413699,0.18787749594601566
429,architecture_1__32/,2.857619302176838e-5,0.0001543883286257246,0.05883991832898559,0.18785492228065503
430,architecture_1__32/,2.856605258752126e-5,0.0001544454704094361,0.0588236228759196,0.18800071337245025
431,architecture_1__32/,2.849355801813536e-5,0.00015451898176718865,0.05863940907564899,0.18850331237867926
432,architecture_1__32/,2.846184242572899e-5,0.0001544958276931024,0.05856451990616772,0.1886379871069198
433,architecture_1__32/,2.8373138123748005e-5,0.00015450051437830987,0.058311355973051524,0.18907391754680508
434,architecture_1__32/,2.8328109437112927e-5,0.000154755420979348,0.057504074623696486,0.18972537484061086
435,architecture_1__32/,2.82043897059556e-5,0.0001545549043945363,0.057533590119199396,0.18969906393173708
436,architecture_1__32/,2.8165211892834004e-5,0.00015448159893857087,0.05720626572031572,0.18987948816781539
437,architecture_1__32/,2.8086819837874602e-5,0.00015397503004335608,0.05552530564481261,0.1901483556783693
438,architecture_1__32/,2.7702586580534918e-5,0.0001539853544678009,0.05631322456402297,0.19036425538808022
439,architecture_1__32/,2.7343876314418988e-5,0.00015352791940591504,0.05596634532355409,0.1909227441057973
440,architecture_1__32/,2.7204566690353313e-5,0.00015336526127585805,0.05591022144095517,0.191227068703743
441,architecture_1__32/,2.6923645838246475e-5,0.00015254894433037265,0.055949460667738406,0.19137348623293537
442,architecture_1__32/,2.686081331610821e-5,0.00015220849882066634,0.05604193208474255,0.19123894380667544
443,architecture_1__32/,2.675276656662259e-5,0.00015115399567430888,0.05632018499334693,0.19050298486684705
444,architecture_1__32/,2.6578912076371167e-5,0.0001493780243125681,0.05639545673982866,0.1887178744616616
445,architecture_1__32/,2.6311559587504964e-5,0.00014821027308116762,0.054305730801671455,0.18741513309122165
446,architecture_1__32/,2.6173445292959205e-5,0.00014581608149118126,0.05543286166139647,0.18444552478230056
447,architecture_1__32/,2.5927137864169724e-5,0.00014709546350692287,0.05494937371968818,0.18624957083628954
448,architecture_1__32/,2.5833209582362148e-5,0.00014710060277719185,0.05432309047843073,0.18643078784298947
449,architecture_1__32/,2.5615028722358494e-5,0.00014165073252085154,0.0552421814800918,0.1793430393261245
450,architecture_1__32/,2.5534516797153265e-5,0.00014470001692812285,0.054255749021347444,0.1835440491032667
451,architecture_1__32/,2.5430009975178292e-5,0.00014344786509262638,0.0543399923688052,0.1818975411247875
452,architecture_1__32/,2.5369749440056577e-5,0.00014108872970451092,0.054575323841197294,0.17876474190439545
453,architecture_1__32/,2.524471861292492e-5,0.00014111634401133984,0.053973567269735255,0.17892443985225767
454,architecture_1__32/,2.513556517890825e-5,0.00013959581248288884,0.05396890301195157,0.17676066904566728
455,architecture_1__32/,2.5077545505434793e-5,0.0001383820168833833,0.054022873077501844,0.17499591431849779
456,architecture_1__32/,2.502857813963771e-5,0.00013780308771963682,0.05388996605896602,0.1741619155858091
457,architecture_1__32/,2.4964181933212832e-5,0.00013490456205290637,0.05425630474186491,0.16957738451299673
458,architecture_1__32/,2.4857394914439196e-5,0.00013652733616376127,0.05372360516956874,0.17195740151873107
459,architecture_1__32/,2.479211225939395e-5,0.00013558858925479715,0.05379343783234361,0.17042417045811506
460,architecture_1__32/,2.4743384176395476e-5,0.00013213997710875353,0.0544604676206513,0.16459183244470138
461,architecture_1__32/,2.4678551258397515e-5,0.0001333639482017645,0.05393847794696223,0.1666381129378413
462,architecture_1__32/,2.4661877186019046e-5,0.0001336212064895315,0.05378059368260362,0.16707541906857754
463,architecture_1__32/,2.4627571613796356e-5,0.00013282934100887736,0.053792853547829686,0.16578870229955958
464,architecture_1__32/,2.459026216329487e-5,0.0001309298241606076,0.05397514364785623,0.1628590199962442
465,architecture_1__32/,2.4554091900722423e-5,0.00012921148645586667,0.05401646321687569,0.16031324694385252
466,architecture_1__32/,2.4512281995846015e-5,0.00012911760531660586,0.05375861200370013,0.16031541868409097
467,architecture_1__32/,2.4504013574030373e-5,0.00012922980285831956,0.05349472586871863,0.16063802928452808
468,architecture_1__32/,2.4478628293496946e-5,0.00012810118555107314,0.05359718966161568,0.15888519046041236
469,architecture_1__32/,2.4476359554139304e-5,0.00012680517039240848,0.05373173330481973,0.15680989199051698
470,architecture_1__32/,2.4460237544119303e-5,0.0001273328339579958,0.05363719476005912,0.1576257178242748
471,architecture_1__32/,2.44566098046069e-5,0.00012752190437300068,0.05345336378934486,0.15792496043839213
472,architecture_1__32/,2.4440602461261898e-5,0.00012700150547444028,0.05356924746707991,0.15703787406489086
473,architecture_1__32/,2.443200356592081e-5,0.00012647108249138695,0.05362235875928093,0.15612132998951073
474,architecture_1__32/,2.4430213688363755e-5,0.00012608634223596288,0.05367130089713428,0.15547298629955225
475,architecture_1__32/,2.4422467602992067e-5,0.0001259642322205117,0.05363258947380086,0.15530214060153932
476,architecture_1__32/,2.4403791821451526e-5,0.00012535615996947945,0.053528007806362216,0.15437966204130862
477,architecture_1__32/,2.43966074701376e-5,0.00012357913544706455,0.05361956625074761,0.15160088646386674
478,architecture_1__32/,2.4374418273303072e-5,0.00012454192187192327,0.05343015591544096,0.15309737369933193
479,architecture_1__32/,2.4360583185737678e-5,0.00012419229255699753,0.05342481147908778,0.15253857726657077
480,architecture_1__32/,2.434609677269923e-5,0.00012377533821316943,0.05342715524411457,0.15186385583451223
481,architecture_1__32/,2.432563537976413e-5,0.00012340508187271685,0.05348066847664436,0.15128083534491318
482,architecture_1__32/,2.4311021141145263e-5,0.00012347010570961254,0.053467041255184325,0.15139349830728208
483,architecture_1__32/,2.4250408310865716e-5,0.0001242979698238274,0.05339529529013505,0.1525731496375919
484,architecture_1__32/,2.4210712356011876e-5,0.0001251670152641311,0.053337971591251615,0.15382986916222038
485,architecture_1__32/,2.4146208137922617e-5,0.00012783914721037711,0.05307328342592119,0.1580487558327115
486,architecture_1__32/,2.4132769451484047e-5,0.0001279357839752504,0.05293900610846356,0.15837846177792675
487,architecture_1__32/,2.4128965193493143e-5,0.000128113666362263,0.05297127182678854,0.1589935211776961
488,architecture_1__32/,2.4099464057707484e-5,0.00012837989026264488,0.05295821071446599,0.1592382034416775
489,architecture_1__32/,2.409232053634922e-5,0.00012805190238285592,0.052870563369629406,0.15866684832681213
490,architecture_1__32/,2.4078060959154075e-5,0.00012804556917765927,0.052838462924251706,0.15870361945116052
491,architecture_1__32/,2.4055986259360756e-5,0.0001283366596157143,0.05279098556734422,0.1592345635608817
492,architecture_1__32/,2.4034338710393324e-5,0.00012849257281142006,0.052615110206627326,0.15945262486022002
493,architecture_1__32/,2.402819409721777e-5,0.00012902733213414268,0.05241801107000653,0.16023348071179488
494,architecture_1__32/,2.3997507240886383e-5,0.00012932899858428918,0.05241934447400125,0.1607106993247592
495,architecture_1__32/,2.3984241054914554e-5,0.00013021071070349355,0.05229421707936809,0.16205379124840041
496,architecture_1__32/,2.3945353978918773e-5,0.00013145051612160937,0.051639730941855456,0.16394525457998219
497,architecture_1__32/,2.3920749951027848e-5,0.0001311342813055905,0.051268894433652415,0.16352409205207538
498,architecture_1__32/,2.3876832893005046e-5,0.00013082966358747848,0.050806765541239855,0.16316707343657924
499,architecture_1__32/,2.3840891355443217e-5,0.00013042106316654456,0.05037556130150032,0.16268650117109737
500,architecture_1__32/,2.3812922435745004e-5,0.0001298429170773375,0.05014657490302777,0.16193384956907475
501,architecture_1__32/,2.374403971656073e-5,0.00012877560360294104,0.04940632072465529,0.16066013745322041
502,architecture_1__32/,2.3718216649835288e-5,0.00012902323430678012,0.04877727532458288,0.1611582548368642
503,architecture_1__32/,2.365694559575874e-5,0.00012927045170806357,0.04778204330977786,0.16177820470228974
504,architecture_1__32/,2.3568246778839912e-5,0.00012964695296334647,0.04643247558018758,0.16268252390463792
505,architecture_1__32/,2.3567571195742746e-5,0.00013005284542647562,0.04524401233335446,0.16359944036374935
506,architecture_1__32/,2.3510794868048003e-5,0.00012953947985408677,0.04537246810907294,0.16286027952389842
507,architecture_1__32/,2.345873541187132e-5,0.00012858136094614478,0.04553159497067955,0.16144176751483533
508,architecture_1__32/,2.3412336824636842e-5,0.00012721804405722785,0.046196533463497266,0.15919147495681962
509,architecture_1__32/,2.335735798736762e-5,0.0001270295163207149,0.04596979505564127,0.15898276281632484
510,architecture_1__32/,2.3266439991061692e-5,0.00012886914904942248,0.04454666433681799,0.16199149328805407
511,architecture_1__32/,2.3101560987988967e-5,0.00012815991287307125,0.04412655070222322,0.16112657145103668
512,architecture_1__32/,2.302036107817457e-5,0.00012754726452260832,0.04375579896031635,0.16035862734693476
513,architecture_1__32/,2.2963263178005993e-5,0.00012663365370816097,0.04379248854691706,0.15907638652700146
514,architecture_1__32/,2.2949673041572256e-5,0.00012652308800115426,0.04028762817981961,0.16018958432120173
515,architecture_1__32/,2.2831445319480715e-5,0.00012710614017179213,0.04167929643965518,0.16020748767215265
516,architecture_1__32/,2.2759976352862477e-5,0.00012640227715314797,0.043028351606016695,0.15889093058523748
517,architecture_1__32/,2.2612784560115543e-5,0.00012670677071949008,0.04232711943079545,0.1595440735982548
518,architecture_1__32/,2.2547820857957645e-5,0.00012669340682152958,0.04195024059756556,0.15965053917927713
519,architecture_1__32/,2.2504137086130262e-5,0.00012666196572775398,0.041674005938568556,0.15971056212278728
520,architecture_1__32/,2.2421499031201905e-5,0.00012670015691621642,0.04108107036549457,0.159990336996583
521,architecture_1__32/,2.2396122534677785e-5,0.0001265855618968471,0.0411005908633267,0.15985393072127063
522,architecture_1__32/,2.2351994912953783e-5,0.0001265590264816995,0.04103239885092984,0.15987103084075502
523,architecture_1__32/,2.2309557770559645e-5,0.00012676688280334122,0.040992577883667135,0.1602033988548521
524,architecture_1__32/,2.2276875704039703e-5,0.0001278688100527732,0.04067716701584245,0.16167953053331693
525,architecture_1__32/,2.2243957636594176e-5,0.00012764782220654145,0.040965698453878235,0.16138467943880233
526,architecture_1__32/,2.2232414848854304e-5,0.0001277375291723246,0.04086284905207498,0.16154646232959688
527,architecture_1__32/,2.222482540221477e-5,0.0001280834881122539,0.040657637099889454,0.16203998350927074
528,architecture_1__32/,2.219895222610476e-5,0.00012831766547459692,0.040738902731679745,0.1623335557275742
529,architecture_1__32/,2.2151947842057468e-5,0.00013018103460157656,0.041573997054113035,0.16464625196591542
530,architecture_1__32/,2.21180988347941e-5,0.00012942059950377132,0.041714615212572186,0.16366867777421304
531,architecture_1__32/,2.2087155697707352e-5,0.00012943998565856946,0.04117403968765337,0.1639250786583684
532,architecture_1__32/,2.2066555364765445e-5,0.00012959842791488788,0.04081028613025337,0.1643219794890043
533,architecture_1__32/,2.2003097063283032e-5,0.0001305904103535608,0.04020408347963688,0.16615698061408302
534,architecture_1__32/,2.191332286166782e-5,0.00013384105581767705,0.03949204851893035,0.1716067277611344
535,architecture_1__32/,2.1848213807296047e-5,0.00013337891828652657,0.0386935945776966,0.17110366346209702
536,architecture_1__32/,2.1818824895084626e-5,0.00013322226982049652,0.039236557419322644,0.17079180762528356
537,architecture_1__32/,2.177023946615039e-5,0.00013398293389562207,0.03884348403370703,0.17221338326956087
538,architecture_1__32/,2.174242157079247e-5,0.00013603672224245085,0.037774124096188216,0.17566722181722164
539,architecture_1__32/,2.1679732288440085e-5,0.00013593560507549877,0.038020749748508956,0.1756570506113896
540,architecture_1__32/,2.16611185657669e-5,0.0001358763489672917,0.03783860964717895,0.17562346903516632
541,architecture_1__32/,2.162622508275657e-5,0.00013656207533680476,0.03761101245184142,0.17672019857330107
542,architecture_1__32/,2.162018387680865e-5,0.00013872585111917684,0.03702593909151452,0.17976625369884197
543,architecture_1__32/,2.1595732776324156e-5,0.0001383548293146596,0.03701696230985538,0.17928966162340323
544,architecture_1__32/,2.1588674692785687e-5,0.00013869451649536094,0.03655874961399413,0.17978617371560593
545,architecture_1__32/,2.157628202496393e-5,0.0001390962715792674,0.036258718810169586,0.18033462279258242
546,architecture_1__32/,2.1561835209849187e-5,0.00013994372981235824,0.035499984462236615,0.18111835819117
547,architecture_1__32/,2.155070606915285e-5,0.0001405689068544813,0.034655548992139754,0.18138773935719218
548,architecture_1__32/,2.152056616812652e-5,0.00014093602151403739,0.033191512951379176,0.1805521331643858
549,architecture_1__32/,2.1498688899467555e-5,0.0001409562817138593,0.03189526413046736,0.1790756013202559
550,architecture_1__32/,2.1489447217942743e-5,0.0001409029587644544,0.031875410180222226,0.17910015421494027
551,architecture_1__32/,2.1487870108384536e-5,0.00014089631713090463,0.03194336641594284,0.1792521180814751
552,architecture_1__32/,2.1482702375872723e-5,0.000141062228391329,0.03191733805181878,0.17935369781335825
553,architecture_1__32/,2.1477636155136318e-5,0.00014107504500808182,0.032023650824588405,0.17939667807270598
554,architecture_1__32/,2.1472364500158017e-5,0.0001410329411342199,0.03184545098181134,0.17894455329253714
555,architecture_1__32/,2.1460387758937258e-5,0.00014113339489953537,0.03203528117304752,0.17909525518596292
556,architecture_1__32/,2.145360652530761e-5,0.00014113375692242097,0.032384880503824556,0.1790384584988727
557,architecture_1__32/,2.144535171754886e-5,0.00014126197864172398,0.03220902036687359,0.17918706138824408
558,architecture_1__32/,2.1439904107362638e-5,0.00014129389855440202,0.03208702597041103,0.17904993745204098
559,architecture_1__32/,2.143657402938814e-5,0.0001411948250576948,0.03214391561995369,0.17890542520439554
560,architecture_1__32/,2.1432503444322425e-5,0.0001411385784761346,0.032007267847818356,0.1787556902268664
561,architecture_1__32/,2.1430679659713153e-5,0.00014112276420828116,0.03190907615744172,0.17851458780294888
562,architecture_1__32/,2.1430140862365947e-5,0.00014114397677287307,0.03196422519630417,0.17849197916409112
563,architecture_1__32/,2.1429049279120902e-5,0.00014115617283303933,0.032019992242767116,0.1785704368312109
564,architecture_1__32/,2.1425839266578786e-5,0.00014111485632819874,0.03200817511600686,0.1786217898192979
565,architecture_1__32/,2.1415756780835546e-5,0.00014084310967692944,0.03186337957379917,0.17889758528425131
566,architecture_1__32/,2.1408789048337332e-5,0.00014074911366203987,0.03194376517506868,0.1791689823257628
567,architecture_1__32/,2.140611243759642e-5,0.00014059826688015635,0.03212111058378244,0.17946099395235077
568,architecture_1__32/,2.140287539883787e-5,0.0001406297539747464,0.032178730369620864,0.17951534124276103
569,architecture_1__32/,2.1399492068946885e-5,0.0001406586742245148,0.03227259729473107,0.17958524946130727
570,architecture_1__32/,2.1389469176996975e-5,0.0001407819146296258,0.03237044841856625,0.17971373636944235
571,architecture_1__32/,2.1386874453436085e-5,0.00014084814737320037,0.03243123837357357,0.17978246835017495
572,architecture_1__32/,2.138390131613523e-5,0.00014085245369813054,0.03252829284794997,0.1799000414348981
